,0
0,"  (0, 16)	0.0246882497784
  (0, 32)	0.0239370711117
  (0, 33)	0.0210896267411
  (0, 137)	0.0122954305691
  (0, 170)	0.0201970729329
  (0, 176)	0.0136914465401
  (0, 306)	0.0202448587683
  (0, 384)	0.0300214109746
  (0, 442)	0.0156524310024
  (0, 498)	0.0169308799695
  (0, 504)	0.0292917948629
  (0, 594)	0.033829482483
  (0, 617)	0.0129978625997
  (0, 689)	0.0132663498394
  (0, 714)	0.0210351304783
  (0, 887)	0.0153774718852
  (0, 953)	0.057097106304
  (0, 965)	0.0241013794769
  (0, 986)	0.0200325761598
  (0, 1089)	0.0174320390598
  (0, 1216)	0.0127849075552
  (0, 1314)	0.0267947689228
  (0, 1418)	0.017119438416
  (0, 1437)	0.0325627503942
  (0, 1497)	0.0350909326779
  :	:
  (0, 12145)	0.103926221319
  (0, 12160)	0.0814636288671
  (0, 12311)	0.0624663580315
  (0, 12344)	0.0279286840993
  (0, 12396)	0.0194138482262
  (0, 12433)	0.0230980614776
  (0, 12448)	0.00930930077607
  (0, 12460)	0.0198721995991
  (0, 12522)	0.0182780669635
  (0, 12534)	0.0372819113722
  (0, 12537)	0.0362145886853
  (0, 12539)	0.0189664536447
  (0, 12542)	0.108912738913
  (0, 12543)	0.0399267018419
  (0, 12547)	0.0306557881506
  (0, 12692)	0.0141746039973
  (0, 12718)	0.02485338477
  (0, 12820)	0.0146369959011
  (0, 12857)	0.0189861257715
  (0, 12871)	0.00987713735455
  (0, 12892)	0.24293830522
  (0, 12894)	0.0704348361917
  (0, 12895)	0.0944174350333
  (0, 13085)	0.02969848849
  (0, 13107)	0.011712913508"
1,"  (0, 2)	0.0296074399057
  (0, 65)	0.0380059240057
  (0, 69)	0.0352466476047
  (0, 94)	0.0225924477524
  (0, 129)	0.0562323630235
  (0, 146)	0.0219335519654
  (0, 171)	0.0403965168404
  (0, 226)	0.0425322320885
  (0, 257)	0.0425322320885
  (0, 327)	0.0303617042031
  (0, 378)	0.0453658470631
  (0, 401)	0.0304301059657
  (0, 421)	0.0246902148748
  (0, 456)	0.322674476469
  (0, 473)	0.0141673934277
  (0, 503)	0.0411149011483
  (0, 515)	0.0251210905562
  (0, 555)	0.0178724300982
  (0, 556)	0.0330935990215
  (0, 600)	0.0495969594665
  (0, 630)	0.027717349124
  (0, 660)	0.033159950718
  (0, 685)	0.141204949988
  (0, 809)	0.0432621818481
  (0, 916)	0.0264249166373
  :	:
  (0, 12152)	0.0369533418728
  (0, 12160)	0.219294568496
  (0, 12343)	0.0258049484477
  (0, 12405)	0.0353592181356
  (0, 12497)	0.0907316941261
  (0, 12502)	0.0716456487489
  (0, 12534)	0.0286743939973
  (0, 12538)	0.0128793309421
  (0, 12542)	0.201041631525
  (0, 12543)	0.153542822443
  (0, 12547)	0.0157187246286
  (0, 12661)	0.0378589091236
  (0, 12692)	0.0218040419503
  (0, 12698)	0.0264937165508
  (0, 12737)	0.030815050004
  (0, 12740)	0.0809677824157
  (0, 12741)	0.0331839649236
  (0, 12742)	0.0484635479431
  (0, 12836)	0.0353592181356
  (0, 12892)	0.373699117054
  (0, 12894)	0.081259631136
  (0, 12895)	0.0363093338394
  (0, 12905)	0.0216199279124
  (0, 13042)	0.0128045145817
  (0, 13113)	0.0355882939078"
2,"  (0, 7)	0.00377184978167
  (0, 15)	0.0040021555943
  (0, 16)	0.00176320436692
  (0, 56)	0.0148111539547
  (0, 58)	0.00425717703566
  (0, 64)	0.00212117863629
  (0, 67)	0.0266302183438
  (0, 70)	0.00460544207672
  (0, 75)	0.00404096933035
  (0, 92)	0.00827294430647
  (0, 118)	0.0122752677325
  (0, 146)	0.0101834572321
  (0, 158)	0.00241023507795
  (0, 159)	0.00210654428217
  (0, 170)	0.0519282018979
  (0, 171)	0.0112533401489
  (0, 176)	0.00195565246996
  (0, 178)	0.00419814832172
  (0, 180)	0.00257134305148
  (0, 182)	0.00368630826589
  (0, 184)	0.00347570517819
  (0, 203)	0.00236099673019
  (0, 207)	0.00409042070422
  (0, 222)	0.00211091005476
  (0, 224)	0.0128894616639
  :	:
  (0, 12834)	0.00334309303575
  (0, 12836)	0.00328336318906
  (0, 12844)	0.00558251720549
  (0, 12871)	0.00423247784818
  (0, 12892)	0.112777302938
  (0, 12894)	0.00251518458926
  (0, 12905)	0.00401513829776
  (0, 12920)	0.00168212646132
  (0, 12945)	0.00186323451637
  (0, 12946)	0.00350065809952
  (0, 12969)	0.00468028842575
  (0, 12971)	0.00335438487817
  (0, 12972)	0.343124096359
  (0, 12975)	0.00340699777479
  (0, 13017)	0.00171181272217
  (0, 13027)	0.00383181195453
  (0, 13031)	0.00131922223652
  (0, 13036)	0.00170617265731
  (0, 13044)	0.00384126549101
  (0, 13050)	0.00342523015831
  (0, 13083)	0.0134415789609
  (0, 13085)	0.00424205887957
  (0, 13091)	0.0117735526728
  (0, 13093)	0.00115042204364
  (0, 13122)	0.0115944105926"
3,"  (0, 16)	0.0113949835823
  (0, 31)	0.00293324690275
  (0, 33)	0.00324467378381
  (0, 61)	0.00287949790275
  (0, 63)	0.00336545594831
  (0, 64)	0.0022847413672
  (0, 67)	0.0262933526946
  (0, 69)	0.00705056440813
  (0, 70)	0.00496056477608
  (0, 87)	0.00355367477354
  (0, 92)	0.00297028858739
  (0, 94)	0.00903856218053
  (0, 99)	0.00270912886775
  (0, 105)	0.00333269246422
  (0, 106)	0.00381618504149
  (0, 131)	0.0038012581806
  (0, 140)	0.00395013671053
  (0, 146)	0.00219373942403
  (0, 149)	0.00381618504149
  (0, 152)	0.00486001002173
  (0, 159)	0.00226897856738
  (0, 170)	0.00621470582287
  (0, 174)	0.00280131436876
  (0, 175)	0.00339904203526
  (0, 180)	0.036005029751
  :	:
  (0, 12792)	0.0101832994624
  (0, 12819)	0.00482352179482
  (0, 12820)	0.00225192590922
  (0, 12821)	0.00400638487276
  (0, 12836)	0.00353654122914
  (0, 12860)	0.00341423591077
  (0, 12871)	0.0106372968658
  (0, 12873)	0.00231376600575
  (0, 12892)	0.130817603316
  (0, 12894)	0.0839829949003
  (0, 12895)	0.0363156944345
  (0, 12939)	0.00195667521476
  (0, 12946)	0.00188529580573
  (0, 12971)	0.0252912754876
  (0, 12989)	0.0210969896338
  (0, 12994)	0.00326595223458
  (0, 12996)	0.00752980301956
  (0, 13002)	0.0036191774062
  (0, 13031)	0.00568378648502
  (0, 13036)	0.00367546908409
  (0, 13042)	0.0025613515301
  (0, 13078)	0.0018916722291
  (0, 13080)	0.0212698413991
  (0, 13091)	0.00507256152222
  (0, 13093)	0.00123913035322"
4,"  (0, 15)	0.00779656869644
  (0, 16)	0.00343488493854
  (0, 66)	0.00782589886075
  (0, 67)	0.00432317705269
  (0, 68)	0.00775865393433
  (0, 69)	0.0127518625992
  (0, 92)	0.00537215317157
  (0, 106)	0.0069020669106
  (0, 109)	0.00522378455227
  (0, 143)	0.00743746718984
  (0, 159)	0.00410374280086
  (0, 171)	0.00365375764253
  (0, 175)	0.00922141430679
  (0, 176)	0.0114293748475
  (0, 180)	0.0100184274552
  (0, 203)	0.00459943966826
  (0, 232)	0.0145554887837
  (0, 249)	0.00573637044724
  (0, 300)	0.00295267379682
  (0, 302)	0.00581589508504
  (0, 340)	0.00638608391437
  (0, 342)	0.00374387945861
  (0, 353)	0.00698560310259
  (0, 365)	0.00618415723507
  (0, 383)	0.00876679835444
  :	:
  (0, 12772)	0.00509098312058
  (0, 12773)	0.0067964490878
  (0, 12836)	0.00639629471061
  (0, 12871)	0.00549683847816
  (0, 12873)	0.00418474670738
  (0, 12890)	0.00578656472615
  (0, 12892)	0.0732335336993
  (0, 12894)	0.00489981185696
  (0, 12895)	0.0197044967814
  (0, 12901)	0.0038510327274
  (0, 12945)	0.00362975290744
  (0, 13027)	0.00746472355493
  (0, 13028)	0.00946998493291
  (0, 13029)	0.0248974732416
  (0, 13031)	0.00256996674681
  (0, 13036)	0.00664756380269
  (0, 13037)	0.00925374669821
  (0, 13042)	0.0092650746492
  (0, 13070)	0.00455152958869
  (0, 13080)	0.00769385482718
  (0, 13085)	0.00826392245118
  (0, 13091)	0.00688079036796
  (0, 13102)	0.00745593138687
  (0, 13113)	0.0128754666016
  (0, 13123)	0.00664890726189"
5,"  (0, 15)	0.0176155324664
  (0, 16)	0.0155215273562
  (0, 61)	0.0235336216925
  (0, 67)	0.0195355338213
  (0, 68)	0.0350597360447
  (0, 117)	0.0294293225347
  (0, 128)	0.0631329617129
  (0, 131)	0.0310670036927
  (0, 137)	0.0154602990207
  (0, 143)	0.0336083602548
  (0, 181)	0.026483804146
  (0, 227)	0.106896439724
  (0, 249)	0.103685838001
  (0, 293)	0.0216943460558
  (0, 300)	0.0133425159594
  (0, 301)	0.0256698300423
  (0, 322)	0.0208347050549
  (0, 409)	0.0409444675564
  (0, 417)	0.0174353518043
  (0, 419)	0.0166004175146
  (0, 420)	0.0191958776664
  (0, 421)	0.040364812421
  (0, 472)	0.0153220726674
  (0, 473)	0.0115807857709
  (0, 498)	0.0212889223797
  :	:
  (0, 12542)	0.054778838408
  (0, 12543)	0.401631318832
  (0, 12633)	0.0303161421659
  (0, 12635)	0.065787933913
  (0, 12656)	0.0157080566404
  (0, 12680)	0.02588957238
  (0, 12688)	0.0808259977552
  (0, 12715)	0.0384748326958
  (0, 12718)	0.0312506957816
  (0, 12742)	0.0396153300386
  (0, 12743)	0.0269058127309
  (0, 12746)	0.0247628973364
  (0, 12802)	0.057623002726
  (0, 12894)	0.0664236780611
  (0, 12901)	0.0174020122646
  (0, 12905)	0.0176726759804
  (0, 12924)	0.016208540303
  (0, 12972)	0.0290435487586
  (0, 13036)	0.0150194759449
  (0, 13039)	0.0172809349856
  (0, 13042)	0.0104667341263
  (0, 13045)	0.0422895014018
  (0, 13085)	0.149371755608
  (0, 13091)	0.0103642846694
  (0, 13104)	0.030541687038"
6,"  (0, 15)	0.00540637343407
  (0, 61)	0.00722269096142
  (0, 64)	0.00573085356524
  (0, 68)	0.0107601644128
  (0, 70)	0.0124426645137
  (0, 74)	0.00821371684353
  (0, 140)	0.0198163830495
  (0, 141)	0.00655037457038
  (0, 171)	0.0050672492021
  (0, 174)	0.00702658194402
  (0, 176)	0.0052836464304
  (0, 180)	0.013894153224
  (0, 186)	0.00959113394909
  (0, 222)	0.00570311062268
  (0, 224)	0.00870596375844
  (0, 248)	0.00987269905274
  (0, 271)	0.00714378192494
  (0, 305)	0.0470182864967
  (0, 306)	0.00781266431211
  (0, 373)	0.0109176111327
  (0, 397)	0.00788783596632
  (0, 417)	0.00535107428561
  (0, 420)	0.01178279263
  (0, 421)	0.0123883425017
  (0, 444)	0.0101188921181
  :	:
  (0, 12538)	0.0193866554479
  (0, 12539)	0.00731931683065
  (0, 12542)	0.10087286
  (0, 12543)	0.00770402802386
  (0, 12544)	0.0107089889255
  (0, 12547)	0.0078868873915
  (0, 12551)	0.00445504977385
  (0, 12573)	0.00922110148345
  (0, 12605)	0.00376086965268
  (0, 12656)	0.0289257064299
  (0, 12727)	0.00933839497901
  (0, 12760)	0.00628724563025
  (0, 12802)	0.00884252212424
  (0, 12820)	0.00564854202353
  (0, 12833)	0.0120531511651
  (0, 12871)	0.0152466874476
  (0, 12873)	0.00580365653353
  (0, 12892)	0.210941936427
  (0, 12895)	0.00910912411845
  (0, 12945)	0.0151018740077
  (0, 13029)	0.00575488368237
  (0, 13036)	0.00460961914702
  (0, 13042)	0.00963701893712
  (0, 13069)	0.00666400735233
  (0, 13080)	0.010670297143"
7,"  (0, 15)	0.0167717429145
  (0, 92)	0.0115564135197
  (0, 94)	0.0351660652185
  (0, 129)	0.0218819909107
  (0, 137)	0.0147197458295
  (0, 174)	0.0217979810996
  (0, 383)	0.0377177432558
  (0, 384)	0.0718815882867
  (0, 417)	0.0166001929629
  (0, 498)	0.0202691762943
  (0, 504)	0.0350673181266
  (0, 563)	0.053528815896
  (0, 566)	0.0331015758874
  (0, 632)	0.019366272915
  (0, 646)	0.0195978862593
  (0, 648)	0.0533699374059
  (0, 779)	0.0262621848577
  (0, 818)	0.038983214668
  (0, 925)	0.0130291049756
  (0, 1014)	0.0208188692263
  (0, 1089)	0.0313037249254
  (0, 1147)	0.0224150822662
  (0, 1195)	0.0460361249768
  (0, 1213)	0.0597452597885
  (0, 1488)	0.0209113410177
  :	:
  (0, 11751)	0.0372334252599
  (0, 11758)	0.0542815829084
  (0, 11789)	0.0277880353743
  (0, 11897)	0.0278042441698
  (0, 11928)	0.0227532826224
  (0, 12042)	0.00882330645243
  (0, 12117)	0.0344992198591
  (0, 12319)	0.0162075180333
  (0, 12338)	0.163046655007
  (0, 12341)	0.0163807066822
  (0, 12537)	0.010838773351
  (0, 12538)	0.0100236016222
  (0, 12542)	0.0521549147996
  (0, 12543)	0.0955982630487
  (0, 12551)	0.0138205305996
  (0, 12608)	0.0240381919367
  (0, 12656)	0.0149556357812
  (0, 12688)	0.0256514690041
  (0, 12734)	0.0364885855948
  (0, 12785)	0.0271744425012
  (0, 12786)	0.0277425407687
  (0, 12892)	0.218129211802
  (0, 12895)	0.0282584785817
  (0, 13042)	0.0199307485319
  (0, 13085)	0.0355542003702"
8,"  (0, 7)	0.0312222906886
  (0, 15)	0.0082821740379
  (0, 58)	0.0176198452502
  (0, 62)	0.0426060845807
  (0, 70)	0.0190612643122
  (0, 92)	0.0399472851203
  (0, 118)	0.0381041796077
  (0, 122)	0.0120255789492
  (0, 170)	0.0119401878274
  (0, 171)	0.00776266018192
  (0, 177)	0.0201549516975
  (0, 180)	0.0212848402934
  (0, 224)	0.026673816707
  (0, 236)	0.0106524215067
  (0, 309)	0.016877449914
  (0, 312)	0.0131386686869
  (0, 320)	0.00888450007296
  (0, 417)	0.0163949194645
  (0, 420)	0.0090251940977
  (0, 421)	0.00948902345459
  (0, 427)	0.0582002349452
  (0, 437)	0.0129137205827
  (0, 473)	0.00544485858903
  (0, 502)	0.0173168425755
  (0, 521)	0.0507889941243
  :	:
  (0, 12812)	0.0213853865933
  (0, 12852)	0.00975598789982
  (0, 12853)	0.0132964212023
  (0, 12873)	0.00889078308279
  (0, 12874)	0.0238242937309
  (0, 12892)	0.203463446887
  (0, 12894)	0.0312299649749
  (0, 12895)	0.0139545209375
  (0, 12901)	0.00818178470961
  (0, 12905)	0.00830904081182
  (0, 12920)	0.00696208019811
  (0, 12945)	0.00771166046616
  (0, 12946)	0.0144887218621
  (0, 12972)	0.163862472592
  (0, 12981)	0.00944509051406
  (0, 13031)	0.00546007165393
  (0, 13032)	0.00776733077172
  (0, 13039)	0.0243745759082
  (0, 13042)	0.0295264354256
  (0, 13044)	0.0238476705161
  (0, 13055)	0.0123878164635
  (0, 13076)	0.0122174783699
  (0, 13078)	0.014537725432
  (0, 13091)	0.0243645230633
  (0, 13104)	0.00717978772263"
9,"  (0, 15)	0.0301079365475
  (0, 51)	0.0212812506548
  (0, 56)	0.0278558187555
  (0, 65)	0.0265493926365
  (0, 67)	0.0834738623194
  (0, 69)	0.0246218743751
  (0, 92)	0.0207455937491
  (0, 94)	0.0157821650621
  (0, 99)	0.0189215577042
  (0, 129)	0.058922462373
  (0, 131)	0.0265493926365
  (0, 132)	0.0361399698607
  (0, 180)	0.0193440338866
  (0, 182)	0.0277318391924
  (0, 224)	0.0242416295897
  (0, 237)	0.0353527488921
  (0, 249)	0.0664562646068
  (0, 327)	0.0212094516075
  (0, 406)	0.0259077177041
  (0, 417)	0.0595999543935
  (0, 419)	0.0283729327027
  (0, 420)	0.0164045074384
  (0, 421)	0.103485479089
  (0, 451)	0.0361399698607
  (0, 456)	0.0563518161554
  :	:
  (0, 12578)	0.0234065844175
  (0, 12579)	0.0165239666819
  (0, 12580)	0.0261964599125
  (0, 12602)	0.0207046421268
  (0, 12605)	0.0104720869033
  (0, 12610)	0.0195654153285
  (0, 12633)	0.0518154354083
  (0, 12635)	0.0281106878776
  (0, 12656)	0.0134238682117
  (0, 12692)	0.0152314168369
  (0, 12698)	0.0185074327623
  (0, 12743)	0.0459866032439
  (0, 12772)	0.0196598019881
  (0, 12781)	0.020275800584
  (0, 12871)	0.0318406347503
  (0, 12873)	0.0323203945835
  (0, 12892)	0.0217542502608
  (0, 12894)	0.0189215577042
  (0, 12945)	0.0280339658317
  (0, 13036)	0.0128354175381
  (0, 13042)	0.0178894261378
  (0, 13069)	0.018555831646
  (0, 13085)	0.0638254243581
  (0, 13091)	0.0354286452347
  (0, 13104)	0.026100464949"
10,"  (0, 15)	0.00638832624443
  (0, 16)	0.00281446447198
  (0, 29)	0.0360769891174
  (0, 30)	0.00667853871395
  (0, 35)	0.0123746133945
  (0, 37)	0.00709107183941
  (0, 38)	0.00750117475517
  (0, 39)	0.00593725886695
  (0, 45)	0.005747388044
  (0, 50)	0.0070043167271
  (0, 51)	0.00451547291717
  (0, 53)	0.0155189688276
  (0, 54)	0.00369992210597
  (0, 64)	0.00338587064696
  (0, 69)	0.00522428915077
  (0, 90)	0.0210129501813
  (0, 92)	0.0110045420079
  (0, 94)	0.00669734500743
  (0, 98)	0.00541923805934
  (0, 99)	0.00401479136494
  (0, 106)	0.00565539237869
  (0, 137)	0.00280336215124
  (0, 140)	0.00585390194779
  (0, 151)	0.0244889271798
  (0, 152)	0.0252080079148
  :	:
  (0, 12829)	0.0126083297992
  (0, 12830)	0.0445459058057
  (0, 12831)	0.563454326215
  (0, 12861)	0.0187890728154
  (0, 12869)	0.0108195770476
  (0, 12890)	0.0142241278482
  (0, 12892)	0.00461583435482
  (0, 12901)	0.00315544624802
  (0, 12906)	0.00715191181509
  (0, 12925)	0.00310407606139
  (0, 12928)	0.0055274318556
  (0, 12943)	0.00625293339243
  (0, 12945)	0.00297413473314
  (0, 12946)	0.00558782523142
  (0, 12948)	0.0183407572824
  (0, 13028)	0.00775948441382
  (0, 13029)	0.00340006798551
  (0, 13031)	0.00210577071211
  (0, 13036)	0.00272342923892
  (0, 13042)	0.0208768607149
  (0, 13086)	0.00639376037883
  (0, 13091)	0.0244311551325
  (0, 13093)	0.0312175800581
  (0, 13102)	0.0427645119372
  (0, 13118)	0.00491184409003"
11,"  (0, 90)	0.176660032964
  (0, 91)	0.0453238012488
  (0, 140)	0.196859651242
  (0, 141)	0.0650726447008
  (0, 151)	0.0294118942673
  (0, 164)	0.0363181374801
  (0, 180)	0.0345067784464
  (0, 320)	0.0288069322014
  (0, 322)	0.0317614228072
  (0, 323)	0.0462997381228
  (0, 442)	0.0300032663996
  (0, 549)	0.0621069558198
  (0, 635)	0.0479266254693
  (0, 650)	0.151507763881
  (0, 697)	0.0324812815715
  (0, 785)	0.0323719349854
  (0, 822)	0.0386690914974
  (0, 829)	0.0245497638285
  (0, 988)	0.0238914412678
  (0, 1033)	0.451276997469
  (0, 1098)	0.0549908473486
  (0, 1315)	0.0433760291721
  (0, 1537)	0.0282109863626
  (0, 1615)	0.015452081508
  (0, 1664)	0.0453238012488
  :	:
  (0, 10026)	0.0392747663641
  (0, 10038)	0.0506172774862
  (0, 10076)	0.0427898877907
  (0, 10228)	0.0638880745058
  (0, 10576)	0.0450914774716
  (0, 10661)	0.0201474720211
  (0, 10686)	0.018251107858
  (0, 11142)	0.0263438854131
  (0, 11148)	0.0530003626033
  (0, 11301)	0.0272419677308
  (0, 11489)	0.0447883985392
  (0, 11497)	0.0563380969098
  (0, 11606)	0.0271527013511
  (0, 11756)	0.0222712335867
  (0, 11788)	0.0363181374801
  (0, 11791)	0.0450914774716
  (0, 11836)	0.0585262316038
  (0, 11897)	0.0222592880159
  (0, 12180)	0.0370528682582
  (0, 12399)	0.060127538785
  (0, 12448)	0.0356889522318
  (0, 12537)	0.0173544280711
  (0, 12538)	0.016049221414
  (0, 12607)	0.0663172873424
  (0, 12775)	0.0960473084411"
12,"  (0, 4)	0.0293386212183
  (0, 24)	0.0257607834646
  (0, 57)	0.0307199957869
  (0, 92)	0.0177351422009
  (0, 97)	0.0215364870159
  (0, 105)	0.0198990007287
  (0, 123)	0.028691573425
  (0, 140)	0.023585666582
  (0, 146)	0.0130984850436
  (0, 164)	0.0174050390941
  (0, 171)	0.0120621861083
  (0, 195)	0.0281087004424
  (0, 224)	0.0207238584325
  (0, 250)	0.0191032431496
  (0, 253)	0.0541840072399
  (0, 259)	0.0250596921969
  (0, 264)	0.0266427621179
  (0, 270)	0.0176249602145
  (0, 272)	0.0150863403151
  (0, 320)	0.0138053825426
  (0, 355)	0.0297640261606
  (0, 360)	0.020629741148
  (0, 413)	0.0197900678972
  (0, 496)	0.0282207458262
  (0, 498)	0.0155531265501
  :	:
  (0, 12527)	0.0292033921639
  (0, 12537)	0.00831690499547
  (0, 12579)	0.0141261273296
  (0, 12605)	0.00895245287344
  (0, 12669)	0.0293386212183
  (0, 12697)	0.027784827557
  (0, 12698)	0.0316435341195
  (0, 12773)	0.0224371843438
  (0, 12823)	0.0109849000078
  (0, 12824)	0.143857406386
  (0, 12831)	0.172731538604
  (0, 12883)	0.0194748743876
  (0, 12910)	0.0160888664477
  (0, 12920)	0.0108181866889
  (0, 12926)	0.0262254094764
  (0, 12993)	0.0243742164242
  (0, 12994)	0.0195005049502
  (0, 13032)	0.0120694436106
  (0, 13042)	0.00764672055869
  (0, 13055)	0.0192490904094
  (0, 13070)	0.0300520189612
  (0, 13076)	0.0189844066877
  (0, 13078)	0.022589775366
  (0, 13091)	0.015143747362
  (0, 13093)	0.0443919552731"
13,"  (0, 92)	0.019776404694
  (0, 114)	0.0444400787785
  (0, 140)	0.105201228615
  (0, 146)	0.0292121639809
  (0, 322)	0.0339464250881
  (0, 465)	0.0520772342868
  (0, 513)	0.0606303262725
  (0, 660)	0.0220820120585
  (0, 817)	0.0571235685898
  (0, 925)	0.0222966106532
  (0, 1001)	0.0346572413304
  (0, 1089)	0.017856610718
  (0, 1153)	0.0430949167867
  (0, 1389)	0.0224570130162
  (0, 1489)	0.0663795553488
  (0, 1539)	0.0624426457397
  (0, 1595)	0.0957391628868
  (0, 1696)	0.0258000626894
  (0, 1721)	0.0354708162906
  (0, 1821)	0.0236889043684
  (0, 1865)	0.0741883433432
  (0, 1885)	0.0363714562425
  (0, 1965)	0.034686490971
  (0, 2078)	0.451102164264
  (0, 2269)	0.075183694044
  :	:
  (0, 9761)	0.059567815598
  (0, 9893)	0.111775955056
  (0, 10038)	0.108198907132
  (0, 10260)	0.0203822015005
  (0, 10341)	0.0263777938433
  (0, 10429)	0.0526403446998
  (0, 10560)	0.0173392856976
  (0, 10661)	0.0215335016265
  (0, 10857)	0.0271789254163
  (0, 11047)	0.0485256410649
  (0, 11089)	0.0292895592402
  (0, 11413)	0.0554530716758
  (0, 11674)	0.0550321224565
  (0, 11759)	0.0262386456613
  (0, 11836)	0.0312762490032
  (0, 11897)	0.0237905983536
  (0, 12070)	0.0299869839656
  (0, 12091)	0.021804890254
  (0, 12448)	0.0190720729163
  (0, 12622)	0.0449422820502
  (0, 13032)	0.0538344037096
  (0, 13042)	0.0341073420527
  (0, 13091)	0.0337734959237
  (0, 13093)	0.033000892153
  (0, 13109)	0.0438382090795"
14,"  (0, 30)	0.0252964752374
  (0, 44)	0.0114023948046
  (0, 93)	0.0107745941629
  (0, 94)	0.00634192708139
  (0, 106)	0.0107105385918
  (0, 118)	0.00927710918513
  (0, 147)	0.00939259918174
  (0, 151)	0.0265020994445
  (0, 152)	0.0136401469867
  (0, 176)	0.0118239711833
  (0, 198)	0.013429518857
  (0, 231)	0.00858084332872
  (0, 232)	0.00752900671443
  (0, 265)	0.0121089064558
  (0, 271)	0.0639466495217
  (0, 272)	0.0212740909708
  (0, 273)	0.0196947111985
  (0, 275)	0.0103176887075
  (0, 299)	0.0108401689793
  (0, 300)	0.0229096059626
  (0, 305)	0.00751568166781
  (0, 307)	0.00793857807778
  (0, 317)	0.107359703242
  (0, 325)	0.0088797684628
  (0, 326)	0.00877300068738
  :	:
  (0, 12609)	0.0131608667451
  (0, 12610)	0.00786219361171
  (0, 12611)	0.0126911057925
  (0, 12620)	0.061448429907
  (0, 12767)	0.0840409725222
  (0, 12769)	0.0546599009715
  (0, 12828)	0.0183084052953
  (0, 12829)	0.0119392248893
  (0, 12831)	0.104390738028
  (0, 12832)	0.0282649229184
  (0, 12861)	0.0415145856122
  (0, 12881)	0.00868031239412
  (0, 12890)	0.0359180666407
  (0, 12937)	0.00969705001831
  (0, 12939)	0.00549162191336
  (0, 12945)	0.00563260384134
  (0, 12973)	0.0109995101236
  (0, 13031)	0.00398804131833
  (0, 13042)	0.0179717794814
  (0, 13044)	0.00580612010196
  (0, 13091)	0.0142366959024
  (0, 13092)	0.0115130072274
  (0, 13093)	0.0834661002495
  (0, 13107)	0.00505765228622
  (0, 13108)	0.00667902584443"
15,"  (0, 7)	0.00367347079699
  (0, 15)	0.00389776967581
  (0, 16)	0.0017172157233
  (0, 31)	0.00530445805247
  (0, 53)	0.00473436732735
  (0, 63)	0.00304303055574
  (0, 67)	0.00216130314183
  (0, 71)	0.00403464772743
  (0, 81)	0.006860817098
  (0, 90)	0.00427360975224
  (0, 91)	0.00657860985675
  (0, 92)	0.00805716586665
  (0, 97)	0.00652275751373
  (0, 99)	0.00244958247876
  (0, 105)	0.00301340595666
  (0, 112)	0.0125331481
  (0, 113)	0.00223460422351
  (0, 117)	0.0162794853312
  (0, 130)	0.00392392681243
  (0, 137)	0.00171044175975
  (0, 138)	0.0027965067545
  (0, 140)	0.00178584817245
  (0, 141)	0.00708382014589
  (0, 151)	0.00853809134279
  (0, 152)	0.00439439981521
  :	:
  (0, 12725)	0.00345057783135
  (0, 12728)	0.00287490437215
  (0, 12775)	0.0104557277735
  (0, 12785)	0.00315768368494
  (0, 12791)	0.00392392681243
  (0, 12792)	0.00306923161857
  (0, 12820)	0.00407236312481
  (0, 12831)	0.0261576073306
  (0, 12852)	0.00229568912821
  (0, 12871)	0.00274805637803
  (0, 12873)	0.00209209710734
  (0, 12874)	0.0084091697325
  (0, 12878)	0.00377511972568
  (0, 12881)	0.0027965067545
  (0, 12894)	0.00244958247876
  (0, 12958)	0.00354367480805
  (0, 12994)	0.00295305973279
  (0, 12996)	0.00340420748617
  (0, 13001)	0.00704262231726
  (0, 13002)	0.0130897775551
  (0, 13005)	0.012496262643
  (0, 13042)	0.0138957771365
  (0, 13091)	0.0240795867519
  (0, 13093)	0.00336124874489
  (0, 13115)	0.0139825337725"
16,"  (0, 90)	0.0435999465216
  (0, 96)	0.0240060663804
  (0, 137)	0.0174501589001
  (0, 140)	0.05465839606
  (0, 141)	0.0843151099441
  (0, 148)	0.0193073510362
  (0, 151)	0.0435533831497
  (0, 166)	0.0138823011041
  (0, 180)	0.0127744827422
  (0, 221)	0.0157708203664
  (0, 303)	0.0251502119963
  (0, 319)	0.0150439589203
  (0, 320)	0.0106643875445
  (0, 325)	0.014592955511
  (0, 340)	0.0325715464306
  (0, 342)	0.00954763085261
  (0, 362)	0.019730343489
  (0, 374)	0.0175670771516
  (0, 395)	0.0213828100429
  (0, 410)	0.0142985817566
  (0, 412)	0.0159601764299
  (0, 442)	0.011107273008
  (0, 455)	0.0187386237377
  (0, 472)	0.00864707087385
  (0, 473)	0.00653566116736
  :	:
  (0, 12831)	0.0571850269211
  (0, 12840)	0.0178146653608
  (0, 12852)	0.0117104659788
  (0, 12861)	0.0194928023641
  (0, 12867)	0.0147015795194
  (0, 12890)	0.0147568810697
  (0, 12894)	0.0124954863998
  (0, 12925)	0.00966101017048
  (0, 12948)	0.0114166173209
  (0, 12996)	0.0173650933228
  (0, 13001)	0.0179624471001
  (0, 13031)	0.0065539219607
  (0, 13036)	0.00847629924507
  (0, 13042)	0.02362776728
  (0, 13044)	0.00954174117199
  (0, 13070)	0.01160729794
  (0, 13072)	0.0149850740189
  (0, 13073)	0.0101183230757
  (0, 13076)	0.0293301644623
  (0, 13078)	0.00872507945006
  (0, 13091)	0.0116982481468
  (0, 13093)	0.0114306385795
  (0, 13104)	0.00861815950614
  (0, 13110)	0.0122646710079
  (0, 13113)	0.0164174893351"
17,"  (0, 56)	0.0279323512033
  (0, 92)	0.0104012956074
  (0, 112)	0.0194154094037
  (0, 140)	0.0138325076527
  (0, 141)	0.0365790694079
  (0, 158)	0.0181818467043
  (0, 180)	0.0581915419131
  (0, 203)	0.0712416494317
  (0, 221)	0.0239469149259
  (0, 304)	0.028659294922
  (0, 324)	0.0289438541751
  (0, 555)	0.0250385089746
  (0, 559)	0.0310773314273
  (0, 654)	0.0200657127001
  (0, 657)	0.0285198818777
  (0, 773)	0.0364515742342
  (0, 865)	0.0237047994204
  (0, 866)	0.0280589526252
  (0, 885)	0.0174031976846
  (0, 1069)	0.025134810667
  (0, 1098)	0.0154559110915
  (0, 1148)	0.0176956557181
  (0, 1149)	0.0131963653884
  (0, 1241)	0.0170315918241
  (0, 1375)	0.0264684352992
  :	:
  (0, 11897)	0.0125125395632
  (0, 11999)	0.0178685144605
  (0, 12045)	0.0100731416599
  (0, 12088)	0.116962624933
  (0, 12143)	0.0179713855619
  (0, 12155)	0.0230874839689
  (0, 12208)	0.0677351702913
  (0, 12241)	0.0222679269951
  (0, 12341)	0.0147433779665
  (0, 12354)	0.0170704628222
  (0, 12445)	0.0186720576299
  (0, 12448)	0.0601851361714
  (0, 12456)	0.0130279852231
  (0, 12474)	0.026726876895
  (0, 12532)	0.0198291323604
  (0, 12537)	0.00975538695049
  (0, 12538)	0.00902169547196
  (0, 12555)	0.0335117691956
  (0, 12605)	0.0105008584304
  (0, 12829)	0.0297929176112
  (0, 12830)	0.0350866589184
  (0, 12831)	0.0289438541751
  (0, 12939)	0.0411110706267
  (0, 13042)	0.00896928821395
  (0, 13093)	0.0260349674196"
18,"  (0, 90)	0.0870378217065
  (0, 91)	0.0223303758409
  (0, 112)	0.017016963379
  (0, 114)	0.0204856821607
  (0, 117)	0.02210357713
  (0, 140)	0.0606186743917
  (0, 141)	0.0801508574464
  (0, 164)	0.089467083235
  (0, 175)	0.0104323185489
  (0, 176)	0.0129302160446
  (0, 180)	0.0170009864692
  (0, 181)	0.01989127704
  (0, 183)	0.049995947492
  (0, 200)	0.0290126072355
  (0, 222)	0.0279134697784
  (0, 250)	0.0196392715429
  (0, 292)	0.0151584655684
  (0, 320)	0.0283855107099
  (0, 322)	0.15648389786
  (0, 323)	0.0228112057049
  (0, 324)	0.0253683296758
  (0, 338)	0.0185780046307
  (0, 473)	0.00869801848857
  (0, 476)	0.0240572376367
  (0, 516)	0.0228530554001
  :	:
  (0, 12045)	0.00882877508133
  (0, 12180)	0.0365108155711
  (0, 12185)	0.0235653196646
  (0, 12191)	0.0187035577248
  (0, 12205)	0.027479936644
  (0, 12331)	0.0226466443448
  (0, 12448)	0.0351668525033
  (0, 12527)	0.0600456523733
  (0, 12536)	0.0531213111983
  (0, 12550)	0.0199950951574
  (0, 12644)	0.0317625135585
  (0, 12692)	0.0133865104387
  (0, 12737)	0.01891878531
  (0, 12831)	0.0507366593517
  (0, 12871)	0.00932797856837
  (0, 12901)	0.0130701860315
  (0, 13031)	0.0087223209599
  (0, 13036)	0.0338421801531
  (0, 13042)	0.00786128409135
  (0, 13056)	0.0176576616389
  (0, 13073)	0.0134660226307
  (0, 13091)	0.023353011132
  (0, 13093)	0.0152125245105
  (0, 13104)	0.0114695221803
  (0, 13115)	0.0189848762062"
19,"  (0, 112)	0.062540791856
  (0, 113)	0.0557537166672
  (0, 319)	0.0735824506978
  (0, 322)	0.0575110063233
  (0, 811)	0.0792785971
  (0, 891)	0.0509421643973
  (0, 931)	0.053373133356
  (0, 1000)	0.0784213323313
  (0, 1033)	0.233467359017
  (0, 1345)	0.127126995824
  (0, 1615)	0.0559587498776
  (0, 1638)	0.0540850236032
  (0, 1815)	0.064830216511
  (0, 1865)	0.16758352893
  (0, 2078)	0.25474787948
  (0, 2378)	0.0855892172233
  (0, 2418)	0.0867816431634
  (0, 2439)	0.427822198786
  (0, 2660)	0.0655589668903
  (0, 2700)	0.104586802856
  (0, 2775)	0.128389122889
  (0, 2944)	0.0836830585893
  (0, 3033)	0.0824974497533
  (0, 3046)	0.114313976175
  (0, 3066)	0.062540791856
  :	:
  (0, 8249)	0.0429906915586
  (0, 8466)	0.124381572542
  (0, 8544)	0.0636869698701
  (0, 8761)	0.0353805880962
  (0, 8777)	0.0560590684128
  (0, 9275)	0.0830823491753
  (0, 9318)	0.167062704461
  (0, 9569)	0.0596762025851
  (0, 9714)	0.0669484752785
  (0, 9929)	0.0494577047312
  (0, 9940)	0.0679005933198
  (0, 10066)	0.0474316100654
  (0, 10228)	0.0578416697386
  (0, 10354)	0.0650924602062
  (0, 10859)	0.0412098742128
  (0, 11286)	0.0314094967585
  (0, 11331)	0.0716405809142
  (0, 11441)	0.0593682314405
  (0, 11496)	0.0887951496774
  (0, 11525)	0.0707723105239
  (0, 12045)	0.0324475391061
  (0, 12091)	0.0369411853537
  (0, 12448)	0.12924531561
  (0, 12692)	0.0491981409599
  (0, 13093)	0.027954556516"
20,"  (0, 2)	0.017293833411
  (0, 14)	0.0100435573768
  (0, 15)	0.00629373018818
  (0, 16)	0.00554557777205
  (0, 30)	0.0131592905899
  (0, 31)	0.00856511044865
  (0, 34)	0.0118072501841
  (0, 54)	0.0656124296259
  (0, 59)	0.0242576719887
  (0, 67)	0.00697971402157
  (0, 78)	0.00938968818032
  (0, 79)	0.00936591399954
  (0, 82)	0.0163128935691
  (0, 86)	0.012709536181
  (0, 91)	0.0212449677099
  (0, 92)	0.00867327254024
  (0, 109)	0.0168674666065
  (0, 113)	0.00721643259087
  (0, 118)	0.00965195146408
  (0, 122)	0.0274151746571
  (0, 137)	0.00552370192898
  (0, 139)	0.0531501037148
  (0, 140)	0.0403705361912
  (0, 153)	0.0285777725179
  (0, 154)	0.0894653822492
  :	:
  (0, 13030)	0.0102938594812
  (0, 13031)	0.0165967136845
  (0, 13032)	0.0118049883849
  (0, 13034)	0.0161292614174
  (0, 13036)	0.0160986100213
  (0, 13042)	0.0635729638806
  (0, 13044)	0.042285017682
  (0, 13055)	0.00941366048156
  (0, 13056)	0.00839968959823
  (0, 13058)	0.0115940667819
  (0, 13064)	0.0236145003683
  (0, 13070)	0.0073483862684
  (0, 13073)	0.0128114823507
  (0, 13075)	0.0209687110295
  (0, 13077)	0.0147034846039
  (0, 13078)	0.0497133173608
  (0, 13091)	0.0444357919423
  (0, 13093)	0.0398010039941
  (0, 13097)	0.0113012726272
  (0, 13104)	0.0545601270003
  (0, 13107)	0.0157860212965
  (0, 13110)	0.00776455816732
  (0, 13114)	0.0133895462055
  (0, 13122)	0.00911659857312
  (0, 13123)	0.0322037270357"
21,"  (0, 54)	0.0388505197024
  (0, 59)	0.0323178417571
  (0, 78)	0.0500385126654
  (0, 79)	0.0249559089338
  (0, 92)	0.0231103338855
  (0, 113)	0.0192285167869
  (0, 140)	0.0461010650587
  (0, 153)	0.133256882875
  (0, 159)	0.017653790441
  (0, 164)	0.0453603653354
  (0, 173)	0.0316853188
  (0, 175)	0.0132231252982
  (0, 345)	0.0238969877436
  (0, 403)	0.0332827127901
  (0, 417)	0.0165984023192
  (0, 426)	0.0173088373407
  (0, 432)	0.0378821428227
  (0, 473)	0.0110248731173
  (0, 518)	0.0363440036186
  (0, 521)	0.0342795689315
  (0, 524)	0.0603496522483
  (0, 526)	0.0194099451775
  (0, 555)	0.0139080823255
  (0, 604)	0.0407386957706
  (0, 618)	0.0159677689977
  :	:
  (0, 12744)	0.0272562081275
  (0, 12781)	0.0225869901319
  (0, 12784)	0.0297505681078
  (0, 12819)	0.0187647085296
  (0, 12823)	0.028628437709
  (0, 12842)	0.0316098010301
  (0, 12873)	0.0180022591585
  (0, 12888)	0.0248618587766
  (0, 12898)	0.0250192563327
  (0, 12924)	0.0308609629419
  (0, 12925)	0.0325939208251
  (0, 12937)	0.0268822319267
  (0, 12979)	0.0246467948028
  (0, 12981)	0.0382492668252
  (0, 12983)	0.0364846496132
  (0, 13004)	0.0307572574663
  (0, 13017)	0.028691524149
  (0, 13031)	0.033167030628
  (0, 13032)	0.015727467448
  (0, 13070)	0.019580113434
  (0, 13082)	0.0402594777567
  (0, 13091)	0.0197335354771
  (0, 13093)	0.0385642207457
  (0, 13104)	0.0145377969614
  (0, 13107)	0.0280417202152"
22,"  (0, 54)	0.125982503358
  (0, 78)	0.016226236195
  (0, 79)	0.0323703044915
  (0, 139)	0.045924109518
  (0, 140)	0.00996628037935
  (0, 149)	0.0192566348408
  (0, 153)	0.185193724447
  (0, 154)	0.0140549388356
  (0, 155)	0.0133134485878
  (0, 175)	0.00857585659107
  (0, 176)	0.0106292458355
  (0, 292)	0.0249219435251
  (0, 293)	0.0937612896858
  (0, 335)	0.0174873536863
  (0, 406)	0.0187177181718
  (0, 425)	0.0473242317232
  (0, 426)	0.0224512894561
  (0, 472)	0.0189202330842
  (0, 473)	0.0572014428701
  (0, 526)	0.0377649540171
  (0, 537)	0.0189978559208
  (0, 557)	0.02445919995
  (0, 579)	0.0118776067093
  (0, 596)	0.0249114324463
  (0, 602)	0.0258177765277
  :	:
  (0, 12817)	0.0176494701036
  (0, 12819)	0.0121698498422
  (0, 12820)	0.0113633155759
  (0, 12852)	0.640577454134
  (0, 12861)	0.0106628119965
  (0, 12898)	0.016226236195
  (0, 12924)	0.0100074372164
  (0, 12941)	0.023306884093
  (0, 12953)	0.0114889748305
  (0, 12963)	0.0168635879917
  (0, 12965)	0.0178455400639
  (0, 12969)	0.0254380249161
  (0, 12974)	0.024568459943
  (0, 12978)	0.0212344509787
  (0, 12982)	0.0194896992208
  (0, 13017)	0.0558236553611
  (0, 13029)	0.0115772457942
  (0, 13031)	0.0286806325336
  (0, 13032)	0.0408001897686
  (0, 13058)	0.0200356031479
  (0, 13061)	0.0214068773815
  (0, 13086)	0.0217707809875
  (0, 13091)	0.0383945473865
  (0, 13093)	0.0187581161339
  (0, 13104)	0.0377139470677"
23,"  (0, 0)	0.0200760502218
  (0, 15)	0.0100583836936
  (0, 54)	0.0233020260733
  (0, 59)	0.0581514376402
  (0, 60)	0.0232626975204
  (0, 78)	0.0300124357596
  (0, 79)	0.0299364459014
  (0, 109)	0.0134784496629
  (0, 114)	0.0155740137905
  (0, 139)	0.0424711673786
  (0, 140)	0.0368677425932
  (0, 153)	0.034253875583
  (0, 154)	0.038994528106
  (0, 155)	0.147749243513
  (0, 157)	0.0234877843206
  (0, 164)	0.0408098176227
  (0, 215)	0.0133569264575
  (0, 249)	0.0148010277888
  (0, 300)	0.0228555359107
  (0, 305)	0.0124965725827
  (0, 307)	0.0131997364361
  (0, 313)	0.0213226371918
  (0, 342)	0.00965998699255
  (0, 367)	0.0131868766788
  (0, 372)	0.0241471004138
  :	:
  (0, 12759)	0.0206247302618
  (0, 12761)	0.0164512276906
  (0, 12806)	0.0343722195102
  (0, 12840)	0.0180243076339
  (0, 12872)	0.0180612344208
  (0, 12873)	0.0107975161079
  (0, 12898)	0.0300124357596
  (0, 12904)	0.0135058966713
  (0, 12905)	0.0100910123632
  (0, 12918)	0.1874088746
  (0, 12920)	0.00845518019996
  (0, 12924)	0.00925499798492
  (0, 12967)	0.0233790926046
  (0, 13015)	0.0108358596184
  (0, 13016)	0.00930440292878
  (0, 13017)	0.0172087953758
  (0, 13031)	0.0198931447606
  (0, 13042)	0.00597645447629
  (0, 13044)	0.0386161120096
  (0, 13078)	0.00882775583783
  (0, 13091)	0.0236718253309
  (0, 13093)	0.0115651538794
  (0, 13104)	0.00871957766426
  (0, 13107)	0.0168190516008
  (0, 13108)	0.0222108745251"
24,"  (0, 74)	0.0302776890074
  (0, 76)	0.035859354376
  (0, 79)	0.0296572639242
  (0, 113)	0.022850908726
  (0, 140)	0.0365239205742
  (0, 153)	0.045245906698
  (0, 155)	0.0731856801557
  (0, 161)	0.0314311823018
  (0, 164)	0.0539056433496
  (0, 248)	0.0363930869882
  (0, 300)	0.0150949261616
  (0, 303)	0.0252088721476
  (0, 345)	0.0283988563344
  (0, 380)	0.0336362054182
  (0, 397)	0.0290764155716
  (0, 426)	0.0617087630744
  (0, 465)	0.0361605048506
  (0, 473)	0.0131018097813
  (0, 512)	0.0298466464667
  (0, 526)	0.0461330315327
  (0, 541)	0.0286638633063
  (0, 552)	0.0404877985989
  (0, 555)	0.0165281765253
  (0, 620)	0.0969273383189
  (0, 621)	0.0252319036951
  :	:
  (0, 12656)	0.0177711576925
  (0, 12666)	0.0350791213144
  (0, 12667)	0.0379290665846
  (0, 12729)	0.0387047666916
  (0, 12756)	0.0786664416771
  (0, 12760)	0.0231762637467
  (0, 12823)	0.0340216473432
  (0, 12852)	0.02347555875
  (0, 12861)	0.0195382672188
  (0, 12901)	0.039375195952
  (0, 12949)	0.0373006124376
  (0, 13015)	0.08587845053
  (0, 13016)	0.0368705268789
  (0, 13017)	0.0170483092067
  (0, 13031)	0.0262768331013
  (0, 13032)	0.018690309145
  (0, 13036)	0.0169921385939
  (0, 13040)	0.0435281292065
  (0, 13042)	0.0118414382468
  (0, 13044)	0.019127992504
  (0, 13081)	0.046558736662
  (0, 13091)	0.0351765991386
  (0, 13093)	0.0114572993086
  (0, 13107)	0.0833110005648
  (0, 13108)	0.0220037398543"
25,"  (0, 7)	0.0166572398866
  (0, 33)	0.0133033155119
  (0, 54)	0.0614185226083
  (0, 63)	0.0137985280816
  (0, 80)	0.0176385426823
  (0, 94)	0.00926463278535
  (0, 109)	0.0118419812186
  (0, 125)	0.0180083988517
  (0, 133)	0.0200533125854
  (0, 139)	0.0279859393518
  (0, 153)	0.240759886464
  (0, 154)	0.0456800775567
  (0, 159)	0.0093029191169
  (0, 164)	0.0358549466675
  (0, 173)	0.0166970350631
  (0, 175)	0.00696811631091
  (0, 180)	0.0113555630575
  (0, 181)	0.0132860908472
  (0, 227)	0.0107253157559
  (0, 245)	0.0200533125854
  (0, 272)	0.0103594505874
  (0, 300)	0.0200805607295
  (0, 306)	0.0255408734345
  (0, 345)	0.0125928618479
  (0, 357)	0.0181778997104
  :	:
  (0, 12898)	0.0131842574435
  (0, 12904)	0.0118660957842
  (0, 12910)	0.0110478627349
  (0, 12920)	0.00742860548743
  (0, 12965)	0.0144999858003
  (0, 12969)	0.0103345429377
  (0, 12979)	0.0129879834763
  (0, 12981)	0.0201560020067
  (0, 12984)	0.0338763575128
  (0, 13017)	0.0302388237121
  (0, 13031)	0.0233037925999
  (0, 13036)	0.00753479827828
  (0, 13042)	0.0105016620505
  (0, 13067)	0.0161727028919
  (0, 13075)	0.00736065136463
  (0, 13078)	0.00775594533857
  (0, 13088)	0.0181206054486
  (0, 13091)	0.0467949182195
  (0, 13093)	0.0609659145329
  (0, 13104)	0.0229827044319
  (0, 13106)	0.0207531878642
  (0, 13107)	0.0147769883149
  (0, 13110)	0.0109023784227
  (0, 13113)	0.0145939244002
  (0, 13115)	0.0634033675896"
26,"  (0, 15)	0.0111254245526
  (0, 54)	0.0128870075401
  (0, 64)	0.0117931511279
  (0, 78)	0.0331962967267
  (0, 80)	0.0222058124705
  (0, 82)	0.0144181479989
  (0, 94)	0.0233271763938
  (0, 99)	0.0279674247781
  (0, 113)	0.0127564852524
  (0, 130)	0.0224001700112
  (0, 139)	0.0469767094521
  (0, 140)	0.0203894234472
  (0, 152)	0.0125429585799
  (0, 153)	0.0505169180314
  (0, 154)	0.0431312518614
  (0, 155)	0.0953301890608
  (0, 162)	0.0205864529722
  (0, 164)	0.0150463719552
  (0, 171)	0.0104275628338
  (0, 185)	0.0265569344932
  (0, 227)	0.0135024959064
  (0, 249)	0.0163711907382
  (0, 289)	0.0196593351027
  (0, 300)	0.0337068788426
  (0, 304)	0.0211222185642
  :	:
  (0, 12944)	0.0251315793935
  (0, 12945)	0.0103590550378
  (0, 12948)	0.0127763488322
  (0, 12956)	0.0261269542603
  (0, 12962)	0.0121763082869
  (0, 12963)	0.0172501085316
  (0, 12994)	0.0168578679547
  (0, 12999)	0.0457696578848
  (0, 13000)	0.0264095308405
  (0, 13015)	0.0119853787964
  (0, 13016)	0.082331663571
  (0, 13017)	0.0475859642131
  (0, 13027)	0.0106518934097
  (0, 13031)	0.022003503534
  (0, 13039)	0.01091410315
  (0, 13042)	0.026441860002
  (0, 13044)	0.0854253831958
  (0, 13075)	0.0092665957051
  (0, 13078)	0.0976424588029
  (0, 13091)	0.0327288054875
  (0, 13093)	0.0319801000948
  (0, 13104)	0.0192891833101
  (0, 13107)	0.0558098881484
  (0, 13109)	0.0169928777421
  (0, 13113)	0.0183728301298"
27,"  (0, 14)	0.0299132829435
  (0, 46)	0.0280731495323
  (0, 54)	0.0651390438127
  (0, 74)	0.0284785793924
  (0, 139)	0.0791499481334
  (0, 153)	0.0212786904866
  (0, 154)	0.0726708274713
  (0, 155)	0.18356523861
  (0, 156)	0.035166186869
  (0, 164)	0.0253512767017
  (0, 175)	0.0147804412869
  (0, 227)	0.0227500364144
  (0, 249)	0.0275834325759
  (0, 296)	0.0452645660702
  (0, 297)	0.0301393571217
  (0, 300)	0.0709899049775
  (0, 301)	0.0273156697137
  (0, 303)	0.047421906386
  (0, 359)	0.0367944261525
  (0, 388)	0.0435696516312
  (0, 420)	0.0204266352109
  (0, 424)	0.0345312509404
  (0, 426)	0.0580420093485
  (0, 473)	0.0492931848199
  (0, 512)	0.0280731495323
  :	:
  (0, 12892)	0.0541761020295
  (0, 12910)	0.0234342079282
  (0, 12920)	0.0315144186323
  (0, 12962)	0.0205155742198
  (0, 12968)	0.0292274998968
  (0, 12980)	0.0339401397326
  (0, 12981)	0.0213769827415
  (0, 12982)	0.0335903885487
  (0, 12993)	0.0355022187318
  (0, 13009)	0.0316922776868
  (0, 13015)	0.0201938816311
  (0, 13017)	0.0160352934179
  (0, 13018)	0.0349225387655
  (0, 13031)	0.0494309111552
  (0, 13032)	0.0351594504272
  (0, 13039)	0.0183889145987
  (0, 13042)	0.0111378163356
  (0, 13043)	0.105746902082
  (0, 13075)	0.0312261364402
  (0, 13078)	0.0329030944909
  (0, 13091)	0.0992591843199
  (0, 13093)	0.021553006103
  (0, 13104)	0.0162499446676
  (0, 13107)	0.109704889319
  (0, 13109)	0.0858926949722"
28,"  (0, 54)	0.103063262782
  (0, 59)	0.0214333182868
  (0, 60)	0.0257223288226
  (0, 78)	0.0497786041816
  (0, 80)	0.0221987482239
  (0, 139)	0.0469617649387
  (0, 149)	0.0196917385747
  (0, 151)	0.0121812831696
  (0, 153)	0.0252504236428
  (0, 154)	0.0287450204588
  (0, 155)	0.176985458089
  (0, 156)	0.0417300640236
  (0, 161)	0.0175408280358
  (0, 164)	0.0752079265645
  (0, 166)	0.0155307559197
  (0, 168)	0.0257223288226
  (0, 175)	0.00876962810177
  (0, 215)	0.014769192356
  (0, 216)	0.0243886126105
  (0, 240)	0.0193539680842
  (0, 241)	0.019538841267
  (0, 300)	0.0168480779038
  (0, 305)	0.0138178708143
  (0, 360)	0.0178284007167
  (0, 387)	0.0423342162653
  :	:
  (0, 12945)	0.0103557595529
  (0, 12946)	0.0097282369012
  (0, 12948)	0.0127722843432
  (0, 12968)	0.017341451413
  (0, 13011)	0.0249025298939
  (0, 13015)	0.0119815659356
  (0, 13016)	0.0411527358635
  (0, 13017)	0.057084991056
  (0, 13019)	0.0209141478746
  (0, 13031)	0.0219965036471
  (0, 13036)	0.00948281799183
  (0, 13042)	0.0198250861188
  (0, 13044)	0.0320243276847
  (0, 13057)	0.0222626918627
  (0, 13058)	0.0204883076736
  (0, 13070)	0.0259712146916
  (0, 13078)	0.0195222792393
  (0, 13081)	0.0259830758357
  (0, 13091)	0.032718393603
  (0, 13093)	0.031969926393
  (0, 13104)	0.0867737111357
  (0, 13106)	0.0261186425965
  (0, 13107)	0.00929868892852
  (0, 13108)	0.0245592935845
  (0, 13115)	0.0159590893536"
29,"  (0, 9)	0.0188939627005
  (0, 46)	0.0186249824066
  (0, 67)	0.0137917340807
  (0, 78)	0.0371075611647
  (0, 79)	0.0185068034171
  (0, 92)	0.017138161838
  (0, 139)	0.0262558069905
  (0, 153)	0.0847034071815
  (0, 154)	0.0482130756854
  (0, 155)	0.121785385557
  (0, 156)	0.0233308204693
  (0, 161)	0.0392275372072
  (0, 164)	0.0168191702898
  (0, 177)	0.0151320156108
  (0, 274)	0.0513259218637
  (0, 312)	0.0197286049264
  (0, 342)	0.0119436676532
  (0, 346)	0.0227593235468
  (0, 374)	0.0219756434216
  (0, 426)	0.0385076637631
  (0, 457)	0.0193635676189
  (0, 472)	0.010817106598
  (0, 473)	0.0163516512278
  (0, 512)	0.0186249824066
  (0, 526)	0.057576110041
  :	:
  (0, 12945)	0.0231591657099
  (0, 12953)	0.0131369909547
  (0, 12968)	0.0193908300436
  (0, 12969)	0.0145434692023
  (0, 12972)	0.0205042209188
  (0, 12976)	0.0295211628292
  (0, 13005)	0.0199353260585
  (0, 13015)	0.066987619196
  (0, 13016)	0.0575201065896
  (0, 13025)	0.0265529315144
  (0, 13030)	0.0203403996481
  (0, 13031)	0.0245960071977
  (0, 13032)	0.0349895268188
  (0, 13036)	0.0106034787766
  (0, 13042)	0.0147786505436
  (0, 13044)	0.0477451996839
  (0, 13056)	0.0165975690324
  (0, 13067)	0.0227593235468
  (0, 13075)	0.0103584074376
  (0, 13078)	0.0109146919072
  (0, 13091)	0.0658529802482
  (0, 13093)	0.0357480694335
  (0, 13104)	0.0215618794888
  (0, 13108)	0.0274616626109
  (0, 13113)	0.0205375594581"
30,"  (0, 53)	0.0122143907533
  (0, 54)	0.00582413623754
  (0, 59)	0.00968962653463
  (0, 80)	0.0100356639578
  (0, 87)	0.00828991239535
  (0, 171)	0.00471261822273
  (0, 184)	0.00873323191664
  (0, 232)	0.00625789195615
  (0, 292)	0.00576067273332
  (0, 293)	0.00619222636229
  (0, 320)	0.00539367381316
  (0, 322)	0.0297342933406
  (0, 327)	0.00708393355128
  (0, 337)	0.00746351374214
  (0, 426)	0.0103791689334
  (0, 473)	0.00330550857638
  (0, 555)	0.00416996049922
  (0, 610)	0.0118077793166
  (0, 618)	0.00478750157085
  (0, 619)	0.00640695073705
  (0, 620)	0.00407569836339
  (0, 639)	0.00876606303828
  (0, 660)	0.00386840748264
  (0, 693)	0.0174991776999
  (0, 742)	0.00641288142274
  :	:
  (0, 12667)	0.00956927760226
  (0, 12684)	0.00908477679943
  (0, 12686)	0.0252563359346
  (0, 12711)	0.00943271429662
  (0, 12871)	0.00708982469939
  (0, 12887)	0.0151185668178
  (0, 12888)	0.00745415267246
  (0, 12901)	0.00496706371442
  (0, 12904)	0.00675135990121
  (0, 12920)	0.00422659568251
  (0, 12924)	0.0185056420323
  (0, 12939)	0.0410802913467
  (0, 12969)	0.0293998211609
  (0, 12979)	0.0147793431696
  (0, 12980)	0.0091038486054
  (0, 12981)	0.0114680031404
  (0, 13017)	0.0387106818924
  (0, 13030)	0.0164473580183
  (0, 13032)	0.00471545368198
  (0, 13042)	0.179251460682
  (0, 13047)	0.00870086322055
  (0, 13091)	0.0177496929174
  (0, 13093)	0.026015475406
  (0, 13110)	0.00620304115604
  (0, 13114)	0.0106967974717"
31,"  (0, 15)	0.00994667155351
  (0, 16)	0.00657321322456
  (0, 32)	0.00424880861142
  (0, 50)	0.00545288666197
  (0, 51)	0.00351531248541
  (0, 54)	0.00288040314109
  (0, 64)	0.00263591291047
  (0, 65)	0.00438552286842
  (0, 74)	0.00377790882707
  (0, 92)	0.00342683077731
  (0, 98)	0.00843779402993
  (0, 103)	0.0098704090652
  (0, 105)	0.00384493720785
  (0, 109)	0.00333218825042
  (0, 112)	0.00319831898882
  (0, 113)	0.00285122982012
  (0, 117)	0.00415434228079
  (0, 122)	0.00361060041426
  (0, 140)	0.00683592670676
  (0, 153)	0.00282278661131
  (0, 171)	0.00233068729472
  (0, 173)	0.00469834084574
  (0, 174)	0.00323188471872
  (0, 175)	0.00588222735793
  (0, 215)	0.00660428973901
  :	:
  (0, 12977)	0.01159914797
  (0, 12979)	0.0109639776834
  (0, 12981)	0.0340299102771
  (0, 12995)	0.00436017070058
  (0, 13015)	0.00267887813559
  (0, 13016)	0.00230026619469
  (0, 13017)	0.027653710681
  (0, 13031)	0.00327870068606
  (0, 13036)	0.00212019980683
  (0, 13042)	0.0531906998054
  (0, 13047)	0.00860625257671
  (0, 13050)	0.00425641114857
  (0, 13056)	0.00663747500186
  (0, 13064)	0.00466507285903
  (0, 13076)	0.00366821694404
  (0, 13078)	0.0021824278768
  (0, 13088)	0.0101978321788
  (0, 13089)	0.00514798450353
  (0, 13091)	0.0512070065033
  (0, 13093)	0.00571835349542
  (0, 13095)	0.0185494415726
  (0, 13107)	0.0103951581096
  (0, 13109)	0.00759623027646
  (0, 13110)	0.009203386649
  (0, 13122)	0.0036019899559"
32,"  (0, 16)	0.0055075631419
  (0, 54)	0.00724029555945
  (0, 81)	0.00550111189576
  (0, 94)	0.00327647149917
  (0, 104)	0.00557775319167
  (0, 113)	0.00716696434297
  (0, 114)	0.00483908405799
  (0, 154)	0.00403873190827
  (0, 162)	0.00578303394237
  (0, 166)	0.00436420350319
  (0, 171)	0.00292925400435
  (0, 174)	0.00406189679558
  (0, 175)	0.0147857999499
  (0, 176)	0.00305434799958
  (0, 192)	0.0050875040897
  (0, 194)	0.00733944130647
  (0, 222)	0.0131873203487
  (0, 232)	0.00388976025746
  (0, 239)	0.0111780910081
  (0, 249)	0.00459890549593
  (0, 277)	0.0115921588438
  (0, 305)	0.00388287605098
  (0, 319)	0.00472939592142
  (0, 320)	0.00335258233717
  (0, 337)	0.00463914675079
  :	:
  (0, 12924)	0.0143783464584
  (0, 12927)	0.00705982603482
  (0, 12939)	0.0595806277021
  (0, 12946)	0.0054673456699
  (0, 12962)	0.00342050202678
  (0, 12969)	0.00730969832842
  (0, 12980)	0.0169762223813
  (0, 12981)	0.0142564886579
  (0, 13016)	0.0231281613013
  (0, 13017)	0.0588173924387
  (0, 13021)	0.00965146754631
  (0, 13030)	0.0204465912829
  (0, 13031)	0.00412073603159
  (0, 13034)	0.00400467405471
  (0, 13036)	0.00266470915607
  (0, 13039)	0.00306593025287
  (0, 13042)	0.0111418543615
  (0, 13047)	0.0432660355251
  (0, 13056)	0.00417105509436
  (0, 13067)	0.0171586077887
  (0, 13075)	0.00260312145881
  (0, 13078)	0.00274291862826
  (0, 13091)	0.0110327967591
  (0, 13093)	0.00898367506912
  (0, 13095)	0.0139879835776"
33,"  (0, 2)	0.00705375988199
  (0, 14)	0.00819307557941
  (0, 15)	0.00513413775355
  (0, 16)	0.00452382916862
  (0, 114)	0.00794950109402
  (0, 124)	0.0109620208901
  (0, 131)	0.00905463839101
  (0, 163)	0.0187917616575
  (0, 171)	0.0192483599236
  (0, 176)	0.00501759061698
  (0, 209)	0.0103989412534
  (0, 232)	0.00638998063509
  (0, 235)	0.0102183408194
  (0, 265)	0.0102770100624
  (0, 300)	0.0116662351897
  (0, 309)	0.0523118400981
  (0, 320)	0.00550752097665
  (0, 322)	0.00607238220078
  (0, 342)	0.00493078266134
  (0, 419)	0.00483827726744
  (0, 420)	0.011189475019
  (0, 472)	0.00446569707128
  (0, 473)	0.00337527971723
  (0, 532)	0.0112136883447
  (0, 555)	0.0127739342701
  :	:
  (0, 12658)	0.0084106318558
  (0, 12686)	0.193420762135
  (0, 12704)	0.0109225805081
  (0, 12787)	0.0111698244977
  (0, 12821)	0.00954325240605
  (0, 12871)	0.00361973671427
  (0, 12874)	0.00738436582807
  (0, 12901)	0.0101438123799
  (0, 12905)	0.00515079252531
  (0, 12920)	0.0129474261075
  (0, 12945)	0.00478047514585
  (0, 12969)	0.108073364187
  (0, 12971)	0.00860629909915
  (0, 12980)	0.00929600841641
  (0, 12981)	0.05855032214
  (0, 13017)	0.0351357946658
  (0, 13019)	0.019308977502
  (0, 13042)	0.0305058362197
  (0, 13055)	0.00767923444959
  (0, 13064)	0.009631815652
  (0, 13077)	0.011994431467
  (0, 13091)	0.0241657935965
  (0, 13093)	0.0236129759878
  (0, 13109)	0.00784183783233
  (0, 13110)	0.0190019162092"
34,"  (0, 2)	0.00691479703379
  (0, 28)	0.00783650277644
  (0, 106)	0.00891111263842
  (0, 108)	0.00917111359388
  (0, 109)	0.0269772710969
  (0, 128)	0.00901896444946
  (0, 129)	0.00656651467125
  (0, 140)	0.0092239010378
  (0, 146)	0.0102451316665
  (0, 175)	0.00396852433904
  (0, 176)	0.00491874139403
  (0, 215)	0.00668351025297
  (0, 249)	0.00740610658418
  (0, 282)	0.0108253958017
  (0, 300)	0.00762426940474
  (0, 305)	0.0125060164477
  (0, 320)	0.0107980397263
  (0, 322)	0.0119055060372
  (0, 323)	0.00867753650533
  (0, 327)	0.0141819098735
  (0, 342)	0.00483364360161
  (0, 356)	0.146717967555
  (0, 369)	0.00751834432082
  (0, 375)	0.00717196391562
  (0, 377)	0.011947316684
  :	:
  (0, 12782)	0.0270597978305
  (0, 12796)	0.00996092351132
  (0, 12819)	0.0112633285756
  (0, 12860)	0.00797252765371
  (0, 12871)	0.003548425962
  (0, 12889)	0.0104194723645
  (0, 12894)	0.00632604347799
  (0, 12901)	0.00497198692111
  (0, 12905)	0.0050493191534
  (0, 12920)	0.00423078495918
  (0, 12969)	0.111830053299
  (0, 12979)	0.0073969960088
  (0, 12981)	0.011479369886
  (0, 12982)	0.0270568933484
  (0, 13017)	0.0473599509481
  (0, 13031)	0.00331802972275
  (0, 13036)	0.00429126452874
  (0, 13042)	0.035885825886
  (0, 13056)	0.00671709358339
  (0, 13088)	0.0103201583544
  (0, 13091)	0.0414570004059
  (0, 13093)	0.005786946928
  (0, 13107)	0.00420794050851
  (0, 13110)	0.0186275682811
  (0, 13114)	0.0214147996422"
35,"  (0, 13)	0.010585125927
  (0, 76)	0.0158672865198
  (0, 113)	0.00505561132236
  (0, 114)	0.00682702661341
  (0, 140)	0.00808067410388
  (0, 177)	0.00536496203549
  (0, 225)	0.0191852767139
  (0, 231)	0.018763109249
  (0, 232)	0.0109754228194
  (0, 236)	0.00567104678067
  (0, 292)	0.025258433437
  (0, 297)	0.0141787708853
  (0, 327)	0.0124241783806
  (0, 415)	0.017755134097
  (0, 420)	0.00480475710623
  (0, 439)	0.00736620377756
  (0, 445)	0.00839155329755
  (0, 472)	0.0191756893876
  (0, 473)	0.0173921287774
  (0, 517)	0.00904105931113
  (0, 582)	0.0077017441074
  (0, 662)	0.0071110555376
  (0, 673)	0.00918822682267
  (0, 690)	0.00948367671779
  (0, 693)	0.145782183373
  :	:
  (0, 12874)	0.0190250663916
  (0, 12876)	0.00790113772599
  (0, 12879)	0.00841222321629
  (0, 12919)	0.0100991121761
  (0, 12920)	0.0148256553572
  (0, 12924)	0.00405702206253
  (0, 12939)	0.0320216861264
  (0, 12945)	0.0123164072787
  (0, 12946)	0.00385669208737
  (0, 12969)	0.0773444484939
  (0, 12979)	0.00648019897978
  (0, 12980)	0.0239502188024
  (0, 12981)	0.0100565960743
  (0, 13001)	0.00796668169506
  (0, 13005)	0.00706794588504
  (0, 13017)	0.0301745986861
  (0, 13030)	0.00721156220728
  (0, 13042)	0.112653090939
  (0, 13055)	0.00659492178665
  (0, 13091)	0.00778258821214
  (0, 13093)	0.00253485114324
  (0, 13095)	0.0197343825831
  (0, 13114)	0.0187606107437
  (0, 13115)	0.00632687035243
  (0, 13122)	0.0127736186509"
36,"  (0, 2)	0.0147451608214
  (0, 92)	0.0147901041272
  (0, 146)	0.0109233946652
  (0, 231)	0.0152237159493
  (0, 232)	0.0400727953686
  (0, 235)	0.0427207847249
  (0, 277)	0.0398079554592
  (0, 309)	0.0656115185107
  (0, 417)	0.0106226115063
  (0, 473)	0.00705567570777
  (0, 555)	0.0089008660292
  (0, 632)	0.0247853014674
  (0, 653)	0.0216729455525
  (0, 693)	0.0186761764718
  (0, 774)	0.0125912780962
  (0, 832)	0.035447517158
  (0, 931)	0.0117803901289
  (0, 955)	0.0182086394714
  (0, 970)	0.0105619250542
  (0, 988)	0.0763871537303
  (0, 1022)	0.0484874722873
  (0, 1098)	0.0109887528945
  (0, 1132)	0.0159914600531
  (0, 1147)	0.0358590275621
  (0, 1148)	0.0125811533751
  :	:
  (0, 11527)	0.0445824578747
  (0, 11817)	0.182602801155
  (0, 11822)	0.394766087314
  (0, 11987)	0.0169758352293
  (0, 11989)	0.0152064128426
  (0, 12030)	0.0538806312166
  (0, 12031)	0.0159712314651
  (0, 12033)	0.079159599772
  (0, 12042)	0.0395227873547
  (0, 12127)	0.0345650483839
  (0, 12128)	0.0447299922533
  (0, 12332)	0.0123058267743
  (0, 12348)	0.0682543495963
  (0, 12532)	0.0140980000682
  (0, 12538)	0.00641419206181
  (0, 12547)	0.0313130920194
  (0, 12636)	0.0192321019113
  (0, 12729)	0.0208435541867
  (0, 12741)	0.0165263494936
  (0, 12979)	0.0473202157108
  (0, 12980)	0.116594107021
  (0, 13002)	0.0180211481537
  (0, 13005)	0.0172040357071
  (0, 13042)	0.0892770460022
  (0, 13115)	0.0308003782791"
37,"  (0, 8)	0.00542938686998
  (0, 16)	0.00436325684448
  (0, 22)	0.00421550860435
  (0, 24)	0.00495611492215
  (0, 25)	0.00567108374063
  (0, 36)	0.00402416883133
  (0, 64)	0.0026245531649
  (0, 76)	0.00445508025959
  (0, 81)	0.00435814597364
  (0, 92)	0.00341206248751
  (0, 94)	0.00519143814648
  (0, 99)	0.00311206022968
  (0, 112)	0.00318453549475
  (0, 115)	0.00409553026566
  (0, 136)	0.00587741283048
  (0, 137)	0.0108651123648
  (0, 140)	0.00680646655737
  (0, 151)	0.00271179422776
  (0, 152)	0.00279142201106
  (0, 163)	0.00453118804976
  (0, 166)	0.00345745301785
  (0, 199)	0.00578434587637
  (0, 221)	0.00785559541762
  (0, 222)	0.0182829343044
  (0, 224)	0.00398706134707
  :	:
  (0, 13005)	0.00396895413076
  (0, 13008)	0.00427669522842
  (0, 13017)	0.00211804108378
  (0, 13027)	0.0284468097703
  (0, 13029)	0.00263555821314
  (0, 13031)	0.00816142694641
  (0, 13036)	0.0105553129072
  (0, 13042)	0.0147115191269
  (0, 13044)	0.00237641595318
  (0, 13053)	0.0046022583775
  (0, 13060)	0.00421550860435
  (0, 13066)	0.0049418798052
  (0, 13074)	0.00391060734978
  (0, 13075)	0.00618681287687
  (0, 13078)	0.00434604494593
  (0, 13086)	0.00495611492215
  (0, 13089)	0.0205031948786
  (0, 13091)	0.00874051276989
  (0, 13093)	0.0128108467036
  (0, 13097)	0.004445916834
  (0, 13106)	0.0116290514298
  (0, 13107)	0.00414014363037
  (0, 13112)	0.0113421674813
  (0, 13115)	0.0142112340012
  (0, 13123)	0.00422297844583"
38,"  (0, 15)	0.011026928662
  (0, 54)	0.0191593739376
  (0, 58)	0.0117295758167
  (0, 78)	0.00822560060783
  (0, 108)	0.0100466288754
  (0, 111)	0.012454541929
  (0, 113)	0.00632177460698
  (0, 114)	0.00853683575218
  (0, 141)	0.00668012614906
  (0, 155)	0.00674901495824
  (0, 171)	0.00516762263517
  (0, 215)	0.00732154785884
  (0, 249)	0.00811312644874
  (0, 257)	0.0108816572544
  (0, 300)	0.0334084642487
  (0, 301)	0.00803436924719
  (0, 303)	0.00697411248386
  (0, 305)	0.0136998963837
  (0, 309)	0.0561768067619
  (0, 320)	0.00591443430515
  (0, 322)	0.0260841171588
  (0, 327)	0.0233036670714
  (0, 374)	0.00974264328953
  (0, 377)	0.0130878606564
  (0, 473)	0.02537259352
  :	:
  (0, 12872)	0.0198003923467
  (0, 12881)	0.00791141679717
  (0, 12888)	0.00817385288934
  (0, 12901)	0.00544663489972
  (0, 12905)	0.00553134961075
  (0, 12920)	0.0231733725144
  (0, 12924)	0.00507309154512
  (0, 12937)	0.00883809256102
  (0, 12948)	0.00633161846848
  (0, 12969)	0.174087256861
  (0, 12979)	0.00810314613732
  (0, 12981)	0.0188628623646
  (0, 12995)	0.00966741306593
  (0, 13017)	0.0377317399592
  (0, 13029)	0.0058688779639
  (0, 13042)	0.0491395579819
  (0, 13047)	0.00954093363795
  (0, 13088)	0.0113053665578
  (0, 13089)	0.0228283230498
  (0, 13091)	0.0389268599969
  (0, 13093)	0.0158484865311
  (0, 13107)	0.0138289476581
  (0, 13108)	0.00608740271723
  (0, 13110)	0.0544155700629
  (0, 13118)	0.00847836386359"
39,"  (0, 15)	0.00402909827829
  (0, 51)	0.00569579055925
  (0, 54)	0.00933411927729
  (0, 58)	0.0171433461399
  (0, 64)	0.00427091700461
  (0, 74)	0.00612127016311
  (0, 92)	0.00277621270805
  (0, 110)	0.00863410514585
  (0, 138)	0.0057814604181
  (0, 141)	0.00976332960552
  (0, 197)	0.00931836539382
  (0, 209)	0.00816073863058
  (0, 215)	0.0160511979954
  (0, 216)	0.00883520327107
  (0, 222)	0.00425024158448
  (0, 231)	0.0114304195071
  (0, 248)	0.00735762618704
  (0, 256)	0.00967263167393
  (0, 271)	0.00532390146653
  (0, 292)	0.00461620437926
  (0, 299)	0.00722001755626
  (0, 300)	0.00305175606714
  (0, 305)	0.0100115327893
  (0, 309)	0.0164210276382
  (0, 320)	0.00864423369603
  :	:
  (0, 12889)	0.00834117639785
  (0, 12891)	0.00951239414427
  (0, 12901)	0.015921044178
  (0, 12905)	0.028295178673
  (0, 12920)	0.010160703655
  (0, 12953)	0.00425612519927
  (0, 12965)	0.00661093386318
  (0, 12969)	0.193183649497
  (0, 12977)	0.0187938676225
  (0, 12979)	0.0118431426017
  (0, 12981)	0.0459483195527
  (0, 12984)	0.0154451433351
  (0, 13009)	0.0068120319884
  (0, 13016)	0.00372707533964
  (0, 13017)	0.0448067546994
  (0, 13032)	0.00377863818075
  (0, 13033)	0.00670873931694
  (0, 13042)	0.0478799043153
  (0, 13071)	0.00504604534849
  (0, 13091)	0.0521523760424
  (0, 13093)	0.0277960016262
  (0, 13095)	0.00601105788615
  (0, 13107)	0.00673722676643
  (0, 13108)	0.00444851772584
  (0, 13110)	0.0149120634385"
40,"  (0, 32)	0.0334837191807
  (0, 118)	0.0601064824104
  (0, 159)	0.020629605741
  (0, 160)	0.16595009668
  (0, 239)	0.0350454099226
  (0, 355)	0.0453227427415
  (0, 407)	0.0438782570497
  (0, 437)	0.0305556369557
  (0, 444)	0.0366784719006
  (0, 580)	0.0889380907735
  (0, 668)	0.0444690453867
  (0, 689)	0.0371145434212
  (0, 829)	0.0358305318842
  (0, 965)	0.0168567787284
  (0, 1011)	0.174873014459
  (0, 1012)	0.159737460326
  (0, 1013)	0.0470458260075
  (0, 1181)	0.033190019336
  (0, 1213)	0.104713053648
  (0, 1313)	0.0353343718445
  (0, 1319)	0.0689729847708
  (0, 1347)	0.0168848133139
  (0, 1474)	0.0332479939251
  (0, 1479)	0.0345611275104
  (0, 1615)	0.011276204183
  :	:
  (0, 12228)	0.0251578258637
  (0, 12230)	0.0346968428757
  (0, 12232)	0.0885761186274
  (0, 12233)	0.0346287281539
  (0, 12289)	0.0200116336418
  (0, 12344)	0.0390672781604
  (0, 12492)	0.0453227427415
  (0, 12538)	0.0234239377457
  (0, 12539)	0.0265307064815
  (0, 12540)	0.0460210476012
  (0, 12547)	0.0285880088645
  (0, 12551)	0.0161484494585
  (0, 12581)	0.025920064205
  (0, 12623)	0.0403102402067
  (0, 12711)	0.0735283717649
  (0, 12724)	0.0757246802448
  (0, 12731)	0.186482219999
  (0, 12732)	0.0822258002856
  (0, 12735)	0.0275172672279
  (0, 12812)	0.0253003812772
  (0, 12901)	0.0387184532351
  (0, 12905)	0.039320664075
  (0, 12939)	0.0355802728364
  (0, 13091)	0.0115299617419
  (0, 13093)	0.0225324038016"
41,"  (0, 16)	0.00571610090584
  (0, 25)	0.0148588488198
  (0, 46)	0.00971555716555
  (0, 56)	0.0120040042047
  (0, 92)	0.00893997038032
  (0, 103)	0.0128750397114
  (0, 128)	0.011624963554
  (0, 129)	0.00846388675303
  (0, 139)	0.00684805462294
  (0, 143)	0.0123769249048
  (0, 152)	0.00731382563747
  (0, 160)	0.0769099349893
  (0, 169)	0.0143418709716
  (0, 176)	0.00633999499138
  (0, 196)	0.0116013370144
  (0, 202)	0.0155739220582
  (0, 227)	0.00787333387898
  (0, 230)	0.0560490245629
  (0, 255)	0.0156651635657
  (0, 271)	0.00857202354856
  (0, 272)	0.00760475636654
  (0, 275)	0.0110646573328
  (0, 287)	0.0145891070332
  (0, 292)	0.059460473328
  (0, 293)	0.0079893600865
  :	:
  (0, 12569)	0.0143418709716
  (0, 12598)	0.0113101863621
  (0, 12599)	0.0100866802815
  (0, 12661)	0.0341902956433
  (0, 12671)	0.0120040042047
  (0, 12690)	0.0211205471359
  (0, 12724)	0.275744610077
  (0, 12731)	0.35804888286
  (0, 12732)	0.0136099024451
  (0, 12779)	0.0281185306506
  (0, 12851)	0.0142255770457
  (0, 12904)	0.0174215353795
  (0, 12905)	0.0130166055005
  (0, 12924)	0.00596910663377
  (0, 12925)	0.012608588357
  (0, 12946)	0.00567436064392
  (0, 12971)	0.0217490414615
  (0, 13034)	0.00831261318371
  (0, 13036)	0.0110624216398
  (0, 13042)	0.0269820327171
  (0, 13044)	0.00622646516895
  (0, 13091)	0.0152673884799
  (0, 13093)	0.00745906556165
  (0, 13094)	0.0148588488198
  (0, 13108)	0.00716256657675"
42,"  (0, 17)	0.0585844629791
  (0, 31)	0.0399445216928
  (0, 39)	0.163675066674
  (0, 118)	0.0450131480435
  (0, 140)	0.0268961882096
  (0, 145)	0.0590972265704
  (0, 175)	0.0462876507889
  (0, 203)	0.0346309009832
  (0, 243)	0.0503313288078
  (0, 300)	0.0222317850148
  (0, 305)	0.0364665850978
  (0, 306)	0.0424155890067
  (0, 419)	0.0276602189918
  (0, 442)	0.0327938607995
  (0, 539)	0.0366288081241
  (0, 580)	0.199814560068
  (0, 631)	0.0826140418414
  (0, 650)	0.041399863373
  (0, 652)	0.0423654368705
  (0, 735)	0.0457656264248
  (0, 1011)	0.0523842658762
  (0, 1082)	0.0515647328993
  (0, 1170)	0.0273624481307
  (0, 1209)	0.0208038003359
  (0, 1347)	0.0252897381749
  :	:
  (0, 11759)	0.0536662593286
  (0, 11919)	0.0356532645225
  (0, 11925)	0.0424659293315
  (0, 12096)	0.0692969873539
  (0, 12148)	0.0646242159205
  (0, 12200)	0.045446949189
  (0, 12227)	0.133778807306
  (0, 12230)	0.103936484877
  (0, 12232)	0.165834440023
  (0, 12233)	0.0518662215602
  (0, 12247)	0.0487915371395
  (0, 12342)	0.0311132694009
  (0, 12461)	0.0332427544507
  (0, 12486)	0.0555908403205
  (0, 12497)	0.0617893605681
  (0, 12537)	0.0569056739529
  (0, 12538)	0.192961499118
  (0, 12544)	0.0290699852697
  (0, 12547)	0.0214092760661
  (0, 12604)	0.0264761847701
  (0, 12605)	0.0408361335194
  (0, 12608)	0.042068398593
  (0, 12751)	0.0696749188473
  (0, 12901)	0.0289958652977
  (0, 13093)	0.0168742935442"
43,"  (0, 16)	0.00727615898493
  (0, 17)	0.0329642782249
  (0, 18)	0.0179656251042
  (0, 19)	0.0194959982145
  (0, 92)	0.0227597961895
  (0, 94)	0.0173144651624
  (0, 113)	0.00946842925904
  (0, 118)	0.0126639885426
  (0, 159)	0.0086930088159
  (0, 160)	0.153843581763
  (0, 175)	0.0130225568469
  (0, 176)	0.0161406568151
  (0, 177)	0.0200955968612
  (0, 201)	0.0132173234913
  (0, 227)	0.010022151461
  (0, 230)	0.118910197816
  (0, 232)	0.0205553805321
  (0, 271)	0.0109115299378
  (0, 272)	0.0484013642131
  (0, 273)	0.0268848400931
  (0, 300)	0.0375281111782
  (0, 303)	0.0104454674207
  (0, 305)	0.0102595005224
  (0, 306)	0.0119331918907
  (0, 312)	0.0261999525663
  :	:
  (0, 12693)	0.0208529058994
  (0, 12731)	0.0314323327903
  (0, 12732)	0.0346487284222
  (0, 12735)	0.0347861005593
  (0, 12871)	0.0116440205122
  (0, 12873)	0.00886460038673
  (0, 12880)	0.0181813617924
  (0, 12901)	0.00815768996111
  (0, 12905)	0.00828457130355
  (0, 12910)	0.0103235518813
  (0, 12939)	0.112447480573
  (0, 12940)	0.0157548781653
  (0, 12996)	0.0144242534883
  (0, 13016)	0.0381938831933
  (0, 13027)	0.00790630782924
  (0, 13029)	0.00879010393217
  (0, 13036)	0.0140816161112
  (0, 13042)	0.0196263215103
  (0, 13044)	0.00792581363234
  (0, 13076)	0.0121814988032
  (0, 13091)	0.0291513256223
  (0, 13093)	0.0142422293972
  (0, 13095)	0.0123198820443
  (0, 13107)	0.00690409580475
  (0, 13108)	0.00911739908218"
44,"  (0, 11)	0.0213830258715
  (0, 15)	0.0195025083363
  (0, 17)	0.0194630344566
  (0, 31)	0.0398113200595
  (0, 39)	0.0181254738905
  (0, 92)	0.00671901102215
  (0, 94)	0.0102229458735
  (0, 98)	0.0165440416449
  (0, 118)	0.463584790428
  (0, 152)	0.010993699751
  (0, 160)	0.165151937685
  (0, 176)	0.00952989650194
  (0, 186)	0.0172991351854
  (0, 201)	0.0156077570259
  (0, 271)	0.0128849466508
  (0, 272)	0.0571550460167
  (0, 273)	0.0317471273311
  (0, 275)	0.0166317227939
  (0, 292)	0.0111721728003
  (0, 293)	0.0120091222224
  (0, 300)	0.0295435325867
  (0, 305)	0.0121149937403
  (0, 312)	0.0154691868598
  (0, 337)	0.0144746402173
  (0, 369)	0.0728326999772
  :	:
  (0, 12556)	0.0360067143482
  (0, 12584)	0.0135571614547
  (0, 12593)	0.0211330361658
  (0, 12600)	0.0145665399954
  (0, 12602)	0.0134114955052
  (0, 12618)	0.017509740411
  (0, 12657)	0.012312140532
  (0, 12679)	0.016691150092
  (0, 12749)	0.0592520443214
  (0, 12861)	0.00955999102095
  (0, 12873)	0.0104678174109
  (0, 12905)	0.0293486595955
  (0, 12925)	0.0189524664044
  (0, 12939)	0.0354091447964
  (0, 12975)	0.0166023036684
  (0, 13015)	0.0105049901146
  (0, 13016)	0.0360811838585
  (0, 13027)	0.0186724236041
  (0, 13047)	0.0168743394933
  (0, 13050)	0.016691150092
  (0, 13052)	0.0230219683517
  (0, 13091)	0.0229490137241
  (0, 13093)	0.00560600780445
  (0, 13110)	0.0120300962909
  (0, 13115)	0.0139923342908"
45,"  (0, 10)	0.0165268851801
  (0, 16)	0.00658696090179
  (0, 18)	0.0162639203435
  (0, 31)	0.0101735202289
  (0, 33)	0.011253656944
  (0, 46)	0.0111957427349
  (0, 85)	0.013158490621
  (0, 97)	0.012510119763
  (0, 103)	0.0148365790921
  (0, 130)	0.0150515466078
  (0, 152)	0.0168562047137
  (0, 160)	0.025322092958
  (0, 171)	0.0140133711414
  (0, 175)	0.00589452985906
  (0, 196)	0.0133688251102
  (0, 215)	0.00992715361774
  (0, 243)	0.0256378982685
  (0, 252)	0.0244150910167
  (0, 273)	0.0121691534579
  (0, 275)	0.0127503811503
  (0, 292)	0.0171298503764
  (0, 305)	0.00928772020414
  (0, 369)	0.0223342992526
  (0, 408)	0.0159613460889
  (0, 427)	0.0393992590986
  :	:
  (0, 12483)	0.0180517841842
  (0, 12537)	0.033817880433
  (0, 12538)	0.0134033470206
  (0, 12539)	0.0101207084119
  (0, 12542)	0.0116234072381
  (0, 12543)	0.0319579913114
  (0, 12551)	0.0308008662316
  (0, 12565)	0.0352986728977
  (0, 12594)	0.0126172400259
  (0, 12604)	0.00674325263958
  (0, 12607)	0.0184614067932
  (0, 12624)	0.0169636734712
  (0, 12661)	0.0262661727324
  (0, 12664)	0.0128421143521
  (0, 12724)	0.101103825903
  (0, 12731)	0.227640487318
  (0, 12861)	0.00732897793096
  (0, 12905)	0.067498707271
  (0, 12925)	0.00726476665671
  (0, 13042)	0.026650973275
  (0, 13044)	0.0143501604677
  (0, 13059)	0.0138328394939
  (0, 13091)	0.0131950554205
  (0, 13092)	0.0142275304574
  (0, 13093)	0.0171909397779"
46,"  (0, 15)	0.0290788221281
  (0, 29)	0.0656870866841
  (0, 30)	0.0607996623553
  (0, 92)	0.0200364920266
  (0, 137)	0.0255210727309
  (0, 152)	0.0327838690365
  (0, 160)	0.0492492938574
  (0, 176)	0.0284187203512
  (0, 201)	0.0465432633124
  (0, 243)	0.0498635080365
  (0, 407)	0.130218253476
  (0, 439)	0.0485804239508
  (0, 495)	0.0669243500481
  (0, 572)	0.065394965377
  (0, 590)	0.0539287469034
  (0, 751)	0.0889489551916
  (0, 844)	0.0675890377695
  (0, 965)	0.0250130751862
  (0, 1013)	0.0698093510085
  (0, 1148)	0.102263855798
  (0, 1260)	0.0421715258454
  (0, 1269)	0.0698093510085
  (0, 1319)	0.0682307686298
  (0, 1347)	0.050109349091
  (0, 1435)	0.0396563133738
  :	:
  (0, 11728)	0.154761161903
  (0, 11731)	0.0552077121802
  (0, 11732)	0.0690273028386
  (0, 11743)	0.0594402757636
  (0, 11756)	0.0482328264059
  (0, 11874)	0.0431101028321
  (0, 11897)	0.0964139117491
  (0, 11925)	0.0420712160528
  (0, 11970)	0.0471882354576
  (0, 12042)	0.0305956703748
  (0, 12227)	0.0883569046852
  (0, 12232)	0.230010253656
  (0, 12301)	0.0592569489339
  (0, 12341)	0.0568016882171
  (0, 12342)	0.030824077082
  (0, 12448)	0.0193228973027
  (0, 12458)	0.0342534020083
  (0, 12460)	0.0412478317405
  (0, 12538)	0.173789051109
  (0, 12544)	0.0575995698286
  (0, 12765)	0.062086891885
  (0, 12905)	0.0291731517251
  (0, 12910)	0.0363531840504
  (0, 13002)	0.0488273224023
  (0, 13004)	0.0533326387267"
47,"  (0, 15)	0.00709756470508
  (0, 16)	0.0062538583459
  (0, 31)	0.00965904539881
  (0, 39)	0.0131928387395
  (0, 82)	0.00919818725714
  (0, 92)	0.00489051097033
  (0, 112)	0.0182575856444
  (0, 113)	0.00813811455562
  (0, 118)	0.0326540928821
  (0, 140)	0.00650380808085
  (0, 142)	0.0316470999784
  (0, 143)	0.0135413171299
  (0, 146)	0.00722388172302
  (0, 152)	0.00800189329349
  (0, 157)	0.0248607640263
  (0, 177)	0.00863608233455
  (0, 187)	0.0152660563909
  (0, 227)	0.00861403876526
  (0, 230)	0.0102203310093
  (0, 243)	0.0121706949873
  (0, 252)	0.0115902100375
  (0, 272)	0.00832019410693
  (0, 291)	0.0139697276015
  (0, 300)	0.0107518033339
  (0, 312)	0.0225188581445
  :	:
  (0, 12527)	0.0161058206504
  (0, 12537)	0.00917363157479
  (0, 12538)	0.0084836932517
  (0, 12539)	0.00960890427494
  (0, 12540)	0.0500037767188
  (0, 12547)	0.00517700953009
  (0, 12551)	0.0175459600154
  (0, 12599)	0.0110356116345
  (0, 12605)	0.0148119711112
  (0, 12607)	0.0175278136112
  (0, 12660)	0.0161058206504
  (0, 12663)	0.0136089042856
  (0, 12812)	0.018326608979
  (0, 12814)	0.0112101511709
  (0, 12828)	0.0107404931699
  (0, 12832)	0.0165814120158
  (0, 12861)	0.00695835158032
  (0, 12873)	0.00761912366489
  (0, 12901)	0.00701153418339
  (0, 12945)	0.013217304754
  (0, 13016)	0.00656552820425
  (0, 13027)	0.00679547125146
  (0, 13029)	0.00755509396529
  (0, 13039)	0.00696275031474
  (0, 13107)	0.00593407005796"
48,"  (0, 29)	0.0741076498814
  (0, 30)	0.022864565514
  (0, 38)	0.0256809324565
  (0, 50)	0.0239798952356
  (0, 76)	0.0196766891823
  (0, 94)	0.011464475258
  (0, 100)	0.0251678401964
  (0, 103)	0.0217033096403
  (0, 118)	0.0335409686532
  (0, 129)	0.0428024361271
  (0, 131)	0.038572002485
  (0, 137)	0.0479877861848
  (0, 140)	0.0501033722834
  (0, 142)	0.0243799695839
  (0, 145)	0.0220177693635
  (0, 152)	0.0246576672418
  (0, 157)	0.0127679876136
  (0, 160)	0.0370417749802
  (0, 170)	0.0157654148346
  (0, 171)	0.0307486514678
  (0, 172)	0.0242769090037
  (0, 175)	0.00862266199778
  (0, 203)	0.0258047707125
  (0, 215)	0.0145216823551
  (0, 227)	0.013271990371
  :	:
  (0, 12716)	0.0209154390277
  (0, 12719)	0.0210206694629
  (0, 12721)	0.014976383051
  (0, 12737)	0.0156370120767
  (0, 12771)	0.0737780809411
  (0, 12779)	0.023699545439
  (0, 12812)	0.014118265806
  (0, 12835)	0.0562556140325
  (0, 12836)	0.0358858753069
  (0, 12861)	0.0214420152239
  (0, 12870)	0.0231820220961
  (0, 12894)	0.0137449918493
  (0, 12895)	0.0184250712451
  (0, 12901)	0.0108029481529
  (0, 12905)	0.0219419454987
  (0, 12910)	0.013671124578
  (0, 12920)	0.00919249211336
  (0, 12946)	0.00956520591979
  (0, 12948)	0.0125582395916
  (0, 12971)	0.0183310572937
  (0, 13002)	0.220346390494
  (0, 13016)	0.010115769093
  (0, 13093)	0.00628683146381
  (0, 13099)	0.0189236497982
  (0, 13104)	0.00947994566821"
49,"  (0, 2)	0.020773869079
  (0, 17)	0.0301796577606
  (0, 64)	0.0320558651418
  (0, 92)	0.0208371879103
  (0, 94)	0.0158518451199
  (0, 99)	0.0190050985383
  (0, 140)	0.0138555124337
  (0, 232)	0.0188189877953
  (0, 271)	0.0399591626939
  (0, 272)	0.0177250852833
  (0, 300)	0.0114526553464
  (0, 302)	0.0225583476277
  (0, 312)	0.0959469637284
  (0, 364)	0.027150852261
  (0, 408)	0.0322840003943
  (0, 442)	0.0168936855482
  (0, 473)	0.0198809202818
  (0, 546)	0.0265124548345
  (0, 628)	0.0320536104411
  (0, 650)	0.0213270489204
  (0, 887)	0.0165969218784
  (0, 978)	0.0246524908688
  (0, 1086)	0.0360932163702
  (0, 1089)	0.0282216276464
  (0, 1093)	0.0503800252113
  :	:
  (0, 12247)	0.025134853468
  (0, 12307)	0.170780165348
  (0, 12319)	0.0292235214881
  (0, 12341)	0.0738394880595
  (0, 12342)	0.0961675954254
  (0, 12344)	0.0602869173325
  (0, 12397)	0.0202206892375
  (0, 12448)	0.0301426148999
  (0, 12502)	0.025134853468
  (0, 12537)	0.00977161109051
  (0, 12538)	0.0451834970649
  (0, 12539)	0.0204705137361
  (0, 12540)	0.0355088353084
  (0, 12551)	0.0249195818955
  (0, 12604)	0.013639148582
  (0, 12802)	0.0247305827571
  (0, 12871)	0.0106604049274
  (0, 12873)	0.0162315464049
  (0, 12876)	0.0270953414519
  (0, 12939)	0.0137264807542
  (0, 12946)	0.0132257394575
  (0, 13036)	0.038676262109
  (0, 13042)	0.0269526149901
  (0, 13050)	0.0258815344818
  (0, 13093)	0.00869275535216"
50,"  (0, 175)	0.0249097153385
  (0, 300)	0.0239280856448
  (0, 367)	0.372753950129
  (0, 374)	0.0558236502709
  (0, 473)	0.0207686492264
  (0, 617)	0.0293100333746
  (0, 621)	0.0799939192989
  (0, 760)	0.0381146253968
  (0, 763)	0.0385379048271
  (0, 925)	0.0245415724169
  (0, 1041)	0.0613537928138
  (0, 1047)	0.11880104855
  (0, 1048)	0.0513452281781
  (0, 1147)	0.0211104817138
  (0, 1209)	0.0223911447435
  (0, 1259)	0.0511065565199
  (0, 1389)	0.0494362501796
  (0, 1399)	0.064777782595
  (0, 1574)	0.0308740573275
  (0, 1615)	0.0181779381529
  (0, 1616)	0.0398153307569
  (0, 1638)	0.0351385338738
  (0, 1639)	0.170372189958
  (0, 1840)	0.419046147983
  (0, 1966)	0.0456519278929
  :	:
  (0, 11377)	0.051587911312
  (0, 11458)	0.039743314116
  (0, 11565)	0.0308158733405
  (0, 11637)	0.0520858677806
  (0, 11952)	0.0420351445557
  (0, 11966)	0.0726147128097
  (0, 12039)	0.0535978213475
  (0, 12042)	0.0166195463668
  (0, 12059)	0.108668004441
  (0, 12081)	0.0669697561534
  (0, 12143)	0.112830432487
  (0, 12340)	0.0656150783852
  (0, 12353)	0.0967643959834
  (0, 12500)	0.0444090702293
  (0, 12579)	0.0346760254399
  (0, 12604)	0.0284963360478
  (0, 12756)	0.187050006108
  (0, 12757)	0.110363595288
  (0, 12900)	0.0658322149066
  (0, 13017)	0.0270245378102
  (0, 13031)	0.0208266773282
  (0, 13036)	0.107741990444
  (0, 13069)	0.0778799065141
  (0, 13075)	0.026312954896
  (0, 13078)	0.138630285392"
51,"  (0, 300)	0.0167057202687
  (0, 337)	0.0654787750247
  (0, 367)	0.404822862289
  (0, 442)	0.0246424236597
  (0, 464)	0.0434112035518
  (0, 473)	0.0289998330401
  (0, 519)	0.0320630906325
  (0, 555)	0.0365838283178
  (0, 575)	0.0359600113619
  (0, 660)	0.0339382483922
  (0, 712)	0.12162232334
  (0, 752)	0.0239998770513
  (0, 760)	0.0532204940651
  (0, 764)	0.0246240108703
  (0, 862)	0.0634452235257
  (0, 891)	0.0231068772346
  (0, 894)	0.0220700909878
  (0, 925)	0.0342680688991
  (0, 1047)	0.276475256479
  (0, 1048)	0.0358473733255
  (0, 1137)	0.0324954804686
  (0, 1147)	0.0294771430931
  (0, 1175)	0.0360168058747
  (0, 1209)	0.0468980518709
  (0, 1238)	0.140787042138
  :	:
  (0, 12168)	0.0309702165623
  (0, 12289)	0.0225227535321
  (0, 12295)	0.0326983243217
  (0, 12297)	0.0283147054096
  (0, 12319)	0.0213138333635
  (0, 12372)	0.0354089999394
  (0, 12448)	0.0146561089242
  (0, 12538)	0.0131816219016
  (0, 12576)	0.0312148282015
  (0, 12590)	0.0441491670219
  (0, 12730)	0.0496010365652
  (0, 12756)	0.130591520136
  (0, 12842)	0.0415732200522
  (0, 12871)	0.0311001662551
  (0, 12948)	0.0253287301553
  (0, 13017)	0.0377351013992
  (0, 13036)	0.0188053860666
  (0, 13042)	0.0131050495253
  (0, 13073)	0.0224483546751
  (0, 13075)	0.0183707493554
  (0, 13091)	0.0259535519384
  (0, 13093)	0.0253598375022
  (0, 13104)	0.019120115042
  (0, 13107)	0.0737609581306
  (0, 13108)	0.0243517801237"
52,"  (0, 16)	0.0171050397775
  (0, 67)	0.0215285567856
  (0, 79)	0.0144443318712
  (0, 151)	0.0106309002169
  (0, 155)	0.011881498971
  (0, 175)	0.007653466387
  (0, 177)	0.0118103516009
  (0, 181)	0.0145928462122
  (0, 189)	0.0233019466141
  (0, 215)	0.0386682933238
  (0, 226)	0.019156928866
  (0, 300)	0.0367593119188
  (0, 330)	0.0236611265212
  (0, 345)	0.0138314345756
  (0, 366)	0.0217330396777
  (0, 367)	0.343583993935
  (0, 375)	0.0138314345756
  (0, 473)	0.0127622621614
  (0, 519)	0.0141103422144
  (0, 522)	0.0172882356982
  (0, 526)	0.0337030829641
  (0, 555)	0.0724492390166
  (0, 575)	0.0158253011902
  (0, 582)	0.0169545106277
  (0, 584)	0.0234384635896
  :	:
  (0, 12900)	0.0202268326684
  (0, 12904)	0.0130331873317
  (0, 12905)	0.0779025977744
  (0, 12914)	0.0176491216938
  (0, 12919)	0.0222320428117
  (0, 12920)	0.0407962352116
  (0, 12937)	0.0311185523573
  (0, 12971)	0.0162706285915
  (0, 12979)	0.0142654184481
  (0, 12981)	0.011069224233
  (0, 13017)	0.0083032418855
  (0, 13027)	0.0185864149192
  (0, 13031)	0.00639896011328
  (0, 13032)	0.0091029647494
  (0, 13036)	0.0165517688806
  (0, 13042)	0.0230691090461
  (0, 13044)	0.0186322698186
  (0, 13073)	0.0197581680597
  (0, 13075)	0.0323384371282
  (0, 13091)	0.0171324796973
  (0, 13104)	0.0084143905375
  (0, 13107)	0.0243455716702
  (0, 13108)	0.0214334890552
  (0, 13110)	0.0239493668227
  (0, 13115)	0.0139278829749"
53,"  (0, 0)	0.00887832275467
  (0, 16)	0.00391939950523
  (0, 31)	0.00605348820891
  (0, 46)	0.00666173508392
  (0, 67)	0.00493299144062
  (0, 78)	0.0199088034039
  (0, 81)	0.00782961708726
  (0, 82)	0.0115293211297
  (0, 92)	0.0153248324612
  (0, 112)	0.00572116989093
  (0, 113)	0.00510029495371
  (0, 125)	0.00906448906694
  (0, 137)	0.0156157540277
  (0, 147)	0.00690654720163
  (0, 159)	0.00468260445141
  (0, 160)	0.00753362590813
  (0, 173)	0.0336176676285
  (0, 176)	0.00869437878781
  (0, 209)	0.00900953676284
  (0, 214)	0.00946321247852
  (0, 215)	0.00590689417439
  (0, 217)	0.00953213811239
  (0, 227)	0.0215942590364
  (0, 230)	0.00640525545762
  (0, 250)	0.00660280018995
  :	:
  (0, 13030)	0.0218259031335
  (0, 13031)	0.0469196567623
  (0, 13032)	0.0125149626072
  (0, 13036)	0.0113778738206
  (0, 13039)	0.00436367417188
  (0, 13042)	0.018500962006
  (0, 13044)	0.00853868918849
  (0, 13047)	0.0153949100411
  (0, 13050)	0.00761389073191
  (0, 13056)	0.00593657516108
  (0, 13060)	0.0151467245015
  (0, 13069)	0.027414497227
  (0, 13070)	0.00519355470042
  (0, 13073)	0.0090546593431
  (0, 13075)	0.00740993626026
  (0, 13078)	0.0234236310416
  (0, 13085)	0.00942960656498
  (0, 13091)	0.0418739947666
  (0, 13093)	0.0460305941376
  (0, 13104)	0.00771219676507
  (0, 13107)	0.0111569482211
  (0, 13110)	0.00548768887395
  (0, 13113)	0.00734582065061
  (0, 13115)	0.0382967394529
  (0, 13117)	0.0107412439599"
54,"  (0, 16)	0.00459818294595
  (0, 40)	0.0100060199861
  (0, 59)	0.0100567711997
  (0, 64)	0.00553172826342
  (0, 69)	0.00853527820904
  (0, 78)	0.0155711472576
  (0, 85)	0.0183711875842
  (0, 92)	0.00719154892771
  (0, 107)	0.0118967261481
  (0, 112)	0.00671199396445
  (0, 113)	0.00598359244679
  (0, 117)	0.00871830496344
  (0, 137)	0.00916008865166
  (0, 157)	0.00609300343598
  (0, 159)	0.00549356397642
  (0, 171)	0.00489118162067
  (0, 174)	0.00678243502342
  (0, 177)	0.00634972593145
  (0, 216)	0.011443430906
  (0, 218)	0.0445687718357
  (0, 249)	0.007679116254
  (0, 298)	0.00940937188676
  (0, 300)	0.00790532116238
  (0, 312)	0.00827855571356
  (0, 327)	0.00735234724106
  :	:
  (0, 12901)	0.0309316090552
  (0, 12905)	0.0104709021783
  (0, 12920)	0.0394806910489
  (0, 12924)	0.00480170745375
  (0, 12937)	0.00836530043856
  (0, 12955)	0.00711677267513
  (0, 12963)	0.00809138387837
  (0, 12981)	0.0119025313605
  (0, 13008)	0.00901392137354
  (0, 13017)	0.00892832188191
  (0, 13029)	0.00555492342564
  (0, 13036)	0.00444945246443
  (0, 13042)	0.00930216928817
  (0, 13044)	0.00500873347497
  (0, 13055)	0.0702490549734
  (0, 13069)	0.0128649170316
  (0, 13070)	0.012186006872
  (0, 13073)	0.0159341935355
  (0, 13078)	0.00458004432583
  (0, 13091)	0.0153518645169
  (0, 13093)	0.00900040481001
  (0, 13095)	0.00778557362881
  (0, 13104)	0.00904783796437
  (0, 13113)	0.0258540323801
  (0, 13115)	0.0149763940457"
55,"  (0, 9)	0.00363830154298
  (0, 15)	0.00478955317838
  (0, 30)	0.0150214070636
  (0, 33)	0.00360505811248
  (0, 46)	0.0143460222299
  (0, 54)	0.00277396191183
  (0, 56)	0.00443128757914
  (0, 64)	0.00507701294462
  (0, 74)	0.00727660308596
  (0, 78)	0.00357279463239
  (0, 79)	0.00356374851031
  (0, 82)	0.00310354388042
  (0, 92)	0.00330019708662
  (0, 94)	0.00251061771422
  (0, 109)	0.00320905194062
  (0, 112)	0.00616025925696
  (0, 113)	0.00274586664972
  (0, 117)	0.00400082443016
  (0, 125)	0.00488008604436
  (0, 150)	0.00434520681418
  (0, 157)	0.00559215056181
  (0, 159)	0.00504198581206
  (0, 171)	0.00673368011409
  (0, 174)	0.00311245498425
  (0, 175)	0.00566485795506
  :	:
  (0, 13031)	0.0378904912037
  (0, 13032)	0.00224591053116
  (0, 13036)	0.0224603589972
  (0, 13039)	0.00469857821463
  (0, 13042)	0.0199208771341
  (0, 13044)	0.00689551352063
  (0, 13046)	0.00571644926487
  (0, 13055)	0.00358191613968
  (0, 13056)	0.00319609824458
  (0, 13058)	0.00441156498176
  (0, 13069)	0.0177111059665
  (0, 13070)	0.00279607528091
  (0, 13071)	0.00299921978415
  (0, 13073)	0.0194991759029
  (0, 13075)	0.0139626118948
  (0, 13076)	0.00353266316854
  (0, 13078)	0.0105088966874
  (0, 13091)	0.0154989132295
  (0, 13093)	0.0178978794139
  (0, 13097)	0.00430015623589
  (0, 13104)	0.00830409381634
  (0, 13107)	0.00200220394514
  (0, 13111)	0.00548515571075
  (0, 13115)	0.00687265740585
  (0, 13117)	0.00578280743244"
56,"  (0, 0)	0.0495015830358
  (0, 54)	0.0143639705747
  (0, 137)	0.0108833132962
  (0, 157)	0.014478476755
  (0, 222)	0.0130811152592
  (0, 300)	0.0187849900124
  (0, 307)	0.0162733167636
  (0, 367)	0.178832088497
  (0, 368)	0.0201861259511
  (0, 386)	0.0282695512658
  (0, 426)	0.0127989860701
  (0, 442)	0.0692738287969
  (0, 472)	0.0107860085347
  (0, 473)	0.0244569628812
  (0, 526)	0.0717632308453
  (0, 541)	0.0178354759791
  (0, 555)	0.0411372175825
  (0, 559)	0.0382940617423
  (0, 619)	0.0158013563054
  (0, 620)	0.0100518272539
  (0, 621)	0.0157000125019
  (0, 622)	0.0129119127496
  (0, 660)	0.0667841243573
  (0, 688)	0.0108283739664
  (0, 748)	0.0126211893766
  :	:
  (0, 12143)	0.103341808254
  (0, 12146)	0.0366763183703
  (0, 12165)	0.024610837169
  (0, 12212)	0.0236005505871
  (0, 12271)	0.0204122245448
  (0, 12334)	0.0204785160976
  (0, 12443)	0.0140337103777
  (0, 12458)	0.0146071644184
  (0, 12496)	0.0424516718648
  (0, 12538)	0.0148222663726
  (0, 12597)	0.0210020754346
  (0, 12656)	0.0110577228463
  (0, 12657)	0.0156571280869
  (0, 12687)	0.0742589724881
  (0, 12714)	0.0286794548784
  (0, 12755)	0.0389459888565
  (0, 12757)	0.0433210384229
  (0, 12771)	0.0557746066315
  (0, 12920)	0.0104239828086
  (0, 13017)	0.0212158916677
  (0, 13031)	0.0163501974796
  (0, 13045)	0.0297697924393
  (0, 13091)	0.0510717353511
  (0, 13107)	0.010367697707
  (0, 13113)	0.0409570321952"
57,"  (0, 3)	0.00564564418796
  (0, 7)	0.00468954189752
  (0, 16)	0.00219219248676
  (0, 30)	0.0104038566036
  (0, 32)	0.00425098319381
  (0, 63)	0.00388472375995
  (0, 64)	0.00263726199684
  (0, 74)	0.00377984239828
  (0, 78)	0.00742357414431
  (0, 82)	0.00322428105685
  (0, 92)	0.0120000463215
  (0, 113)	0.00285268910782
  (0, 129)	0.00324600094617
  (0, 137)	0.00218354486503
  (0, 153)	0.0028242313415
  (0, 157)	0.00290485100553
  (0, 159)	0.00785720130073
  (0, 171)	0.00466376032718
  (0, 173)	0.0564089460382
  (0, 174)	0.00646707765874
  (0, 175)	0.00196174598008
  (0, 215)	0.00330383494
  (0, 216)	0.00545567750345
  (0, 223)	0.00479458484452
  (0, 241)	0.00437079461822
  :	:
  (0, 13017)	0.0106414862017
  (0, 13018)	0.00927024419742
  (0, 13021)	0.0076832072901
  (0, 13031)	0.0196822725455
  (0, 13032)	0.00933313277982
  (0, 13036)	0.00848513978446
  (0, 13042)	0.0177393077777
  (0, 13044)	0.0119396161713
  (0, 13047)	0.00430532867107
  (0, 13050)	0.00425858962202
  (0, 13058)	0.00458318810682
  (0, 13068)	0.00562008902763
  (0, 13069)	0.0092000605862
  (0, 13071)	0.00311589843997
  (0, 13073)	0.0354510666977
  (0, 13074)	0.00392954362139
  (0, 13075)	0.0145057994252
  (0, 13078)	0.00873417946014
  (0, 13090)	0.00578281712177
  (0, 13091)	0.0219570920388
  (0, 13093)	0.0286064010273
  (0, 13107)	0.00832038276371
  (0, 13109)	0.00380005905123
  (0, 13115)	0.00714002441651
  (0, 13117)	0.0120155520129"
58,"  (0, 1)	0.00610985405868
  (0, 10)	0.00709728626463
  (0, 11)	0.00703973650109
  (0, 14)	0.00512303311325
  (0, 16)	0.00282869679462
  (0, 17)	0.00640763542584
  (0, 18)	0.00698435895243
  (0, 28)	0.00999709280983
  (0, 30)	0.00671231107763
  (0, 36)	0.0365241273478
  (0, 39)	0.0179018480705
  (0, 44)	0.00605115299584
  (0, 51)	0.00453830698314
  (0, 57)	0.00766318073189
  (0, 61)	0.00428884855978
  (0, 63)	0.00501265546439
  (0, 64)	0.0034029924845
  (0, 67)	0.0106806696209
  (0, 79)	0.00477737974259
  (0, 80)	0.00640763542584
  (0, 82)	0.0124813585653
  (0, 92)	0.0420287232093
  (0, 94)	0.023559243651
  (0, 99)	0.00403509355976
  (0, 109)	0.00430189158681
  :	:
  (0, 13015)	0.00345846106148
  (0, 13016)	0.0178180133535
  (0, 13017)	0.0109849981114
  (0, 13021)	0.00991403080028
  (0, 13026)	0.0071880779552
  (0, 13027)	0.00307367495132
  (0, 13031)	0.0148149349405
  (0, 13032)	0.00301075326841
  (0, 13039)	0.0188960239337
  (0, 13042)	0.00953746902408
  (0, 13052)	0.00757931042622
  (0, 13055)	0.00480173434119
  (0, 13061)	0.0126373580923
  (0, 13066)	0.00640763542584
  (0, 13071)	0.00402060128511
  (0, 13073)	0.00326745025941
  (0, 13075)	0.0160436283056
  (0, 13078)	0.00281753833111
  (0, 13091)	0.02266587674
  (0, 13093)	0.0332210569291
  (0, 13095)	0.0047895065131
  (0, 13104)	0.00556602261129
  (0, 13107)	0.0187883684223
  (0, 13108)	0.0070890033086
  (0, 13123)	0.00547550878587"
59,"  (0, 16)	0.00907045936715
  (0, 33)	0.0154966515765
  (0, 42)	0.0235784123973
  (0, 61)	0.013752561486
  (0, 72)	0.0463007580614
  (0, 73)	0.0243037102396
  (0, 92)	0.0070930901513
  (0, 94)	0.0107921056319
  (0, 124)	0.0219792926212
  (0, 137)	0.01806935759
  (0, 139)	0.0217333466377
  (0, 153)	0.0350567878248
  (0, 161)	0.0487061203741
  (0, 171)	0.0192968677711
  (0, 212)	0.0247131094331
  (0, 217)	0.0220597240254
  (0, 229)	0.0203734194026
  (0, 230)	0.0741167228385
  (0, 250)	0.0152805119132
  (0, 269)	0.016235373458
  (0, 300)	0.0155941804035
  (0, 367)	0.296911507339
  (0, 368)	0.0167573200477
  (0, 387)	0.0195917721135
  (0, 388)	0.0478541989788
  :	:
  (0, 12953)	0.0108741954988
  (0, 12955)	0.0140386753058
  (0, 12969)	0.0120384133538
  (0, 12979)	0.0151293303112
  (0, 13016)	0.0190449970264
  (0, 13017)	0.0616425958461
  (0, 13018)	0.0767134946626
  (0, 13024)	0.0206058183704
  (0, 13029)	0.0109577430503
  (0, 13031)	0.0339324014762
  (0, 13032)	0.0193084781922
  (0, 13036)	0.00877707091238
  (0, 13042)	0.0550488853183
  (0, 13044)	0.00988031881281
  (0, 13070)	0.0480766778874
  (0, 13075)	0.00857421215574
  (0, 13078)	0.01806935759
  (0, 13087)	0.0244362576686
  (0, 13091)	0.0423967142949
  (0, 13093)	0.0414268454545
  (0, 13103)	0.0972148409584
  (0, 13104)	0.044619824603
  (0, 13107)	0.0258199362852
  (0, 13108)	0.0340972474957
  (0, 13113)	0.0170000449408"
