,radius_mean,texture_mean,perimeter_mean,area_mean,smoothness_mean,compactness_mean,concavity_mean,concave points_mean,symmetry_mean,fractal_dimension_mean,radius_se,texture_se,perimeter_se,area_se,smoothness_se,compactness_se,concavity_se,concave points_se,symmetry_se,fractal_dimension_se,radius_worst,texture_worst,perimeter_worst,area_worst,smoothness_worst,compactness_worst,concavity_worst,concave points_worst,symmetry_worst,fractal_dimension_worst
271,11.29,13.04,72.23,388.0,0.09834,0.07608,0.03265,0.02755,0.1769,0.0627,0.1904,0.5293,1.164,13.17,0.006472,0.01122,0.01282,0.008849,0.01692,0.002817,12.32,16.18,78.27,457.5,0.1358,0.1507,0.1275,0.0875,0.2733,0.08022
319,12.43,17.0,78.6,477.3,0.07557,0.03454,0.01342,0.01699,0.1472,0.05561,0.3778,2.2,2.487,31.16,0.007357,0.01079,0.009959,0.0112,0.03433,0.002961,12.9,20.21,81.76,515.9,0.08409,0.04712,0.02237,0.02832,0.1901,0.05932
399,11.8,17.26,75.26,431.9,0.09087,0.06232,0.02853,0.01638,0.1847,0.06019,0.3438,1.14,2.225,25.06,0.005463,0.01964,0.02079,0.005398,0.01477,0.003071,13.45,24.49,86.0,562.0,0.1244,0.1726,0.1449,0.05356,0.2779,0.08121
470,9.667,18.49,61.49,289.1,0.08946,0.06258,0.02948,0.01514,0.2238,0.06413,0.3776,1.35,2.569,22.73,0.007501,0.01989,0.02714,0.009883,0.0196,0.003913,11.14,25.62,70.88,385.2,0.1234,0.1542,0.1277,0.0656,0.3174,0.08524
517,19.89,20.26,130.5,1214.0,0.1037,0.131,0.1411,0.09431,0.1802,0.06188,0.5079,0.8737,3.654,59.7,0.005089,0.02303,0.03052,0.01178,0.01057,0.003391,23.73,25.23,160.5,1646.0,0.1417,0.3309,0.4185,0.1613,0.2549,0.09136
134,18.45,21.91,120.2,1075.0,0.0943,0.09709,0.1153,0.06847,0.1692,0.05727,0.5959,1.202,3.766,68.35,0.006001,0.01422,0.02855,0.009148,0.01492,0.002205,22.52,31.39,145.6,1590.0,0.1465,0.2275,0.3965,0.1379,0.3109,0.0761
422,11.61,16.02,75.46,408.2,0.1088,0.1168,0.07097,0.04497,0.1886,0.0632,0.2456,0.7339,1.667,15.89,0.005884,0.02005,0.02631,0.01304,0.01848,0.001982,12.64,19.67,81.93,475.7,0.1415,0.217,0.2302,0.1105,0.2787,0.07427
485,12.45,16.41,82.85,476.7,0.09514,0.1511,0.1544,0.04846,0.2082,0.07325,0.3921,1.207,5.004,30.19,0.007234,0.07471,0.1114,0.02721,0.03232,0.009627,13.78,21.03,97.82,580.6,0.1175,0.4061,0.4896,0.1342,0.3231,0.1034
70,18.94,21.31,123.6,1130.0,0.09009,0.1029,0.108,0.07951,0.1582,0.05461,0.7888,0.7975,5.486,96.05,0.004444,0.01652,0.02269,0.0137,0.01386,0.001698,24.86,26.58,165.9,1866.0,0.1193,0.2336,0.2687,0.1789,0.2551,0.06589
237,20.48,21.46,132.5,1306.0,0.08355,0.08348,0.09042,0.06022,0.1467,0.05177,0.6874,1.041,5.144,83.5,0.007959,0.03133,0.04257,0.01671,0.01341,0.003933,24.22,26.17,161.7,1750.0,0.1228,0.2311,0.3158,0.1445,0.2238,0.07127
371,15.19,13.21,97.65,711.8,0.07963,0.06934,0.03393,0.02657,0.1721,0.05544,0.1783,0.4125,1.338,17.72,0.005012,0.01485,0.01551,0.009155,0.01647,0.001767,16.2,15.73,104.5,819.1,0.1126,0.1737,0.1362,0.08178,0.2487,0.06766
86,14.48,21.46,94.25,648.2,0.09444,0.09947,0.1204,0.04938,0.2075,0.05636,0.4204,2.22,3.301,38.87,0.009369,0.02983,0.05371,0.01761,0.02418,0.003249,16.21,29.25,108.4,808.9,0.1306,0.1976,0.3349,0.1225,0.302,0.06846
344,11.71,15.45,75.03,420.3,0.115,0.07281,0.04006,0.0325,0.2009,0.06506,0.3446,0.7395,2.355,24.53,0.009536,0.01097,0.01651,0.01121,0.01953,0.0031,13.06,18.16,84.16,516.4,0.146,0.1115,0.1087,0.07864,0.2765,0.07806
254,19.45,19.33,126.5,1169.0,0.1035,0.1188,0.1379,0.08591,0.1776,0.05647,0.5959,0.6342,3.797,71.0,0.004649,0.018,0.02749,0.01267,0.01365,0.00255,25.7,24.57,163.1,1972.0,0.1497,0.3161,0.4317,0.1999,0.3379,0.0895
57,14.71,21.59,95.55,656.9,0.1137,0.1365,0.1293,0.08123,0.2027,0.06758,0.4226,1.15,2.735,40.09,0.003659,0.02855,0.02572,0.01272,0.01817,0.004108,17.87,30.7,115.7,985.5,0.1368,0.429,0.3587,0.1834,0.3698,0.1094
159,10.9,12.96,68.69,366.8,0.07515,0.03718,0.00309,0.006588,0.1442,0.05743,0.2818,0.7614,1.808,18.54,0.006142,0.006134,0.001835,0.003576,0.01637,0.002665,12.36,18.2,78.07,470.0,0.1171,0.08294,0.01854,0.03953,0.2738,0.07685
561,11.2,29.37,70.67,386.0,0.07449,0.03558,0.0,0.0,0.106,0.05502,0.3141,3.896,2.041,22.81,0.007594,0.008878,0.0,0.0,0.01989,0.001773,11.92,38.3,75.19,439.6,0.09267,0.05494,0.0,0.0,0.1566,0.05905
215,13.86,16.93,90.96,578.9,0.1026,0.1517,0.09901,0.05602,0.2106,0.06916,0.2563,1.194,1.933,22.69,0.00596,0.03438,0.03909,0.01435,0.01939,0.00456,15.75,26.93,104.4,750.1,0.146,0.437,0.4636,0.1654,0.363,0.1059
248,10.65,25.22,68.01,347.0,0.09657,0.07234,0.02379,0.01615,0.1897,0.06329,0.2497,1.493,1.497,16.64,0.007189,0.01035,0.01081,0.006245,0.02158,0.002619,12.25,35.19,77.98,455.7,0.1499,0.1398,0.1125,0.06136,0.3409,0.08147
469,11.62,18.18,76.38,408.8,0.1175,0.1483,0.102,0.05564,0.1957,0.07255,0.4101,1.74,3.027,27.85,0.01459,0.03206,0.04961,0.01841,0.01807,0.005217,13.36,25.4,88.14,528.1,0.178,0.2878,0.3186,0.1416,0.266,0.0927
34,16.13,17.88,107.0,807.2,0.104,0.1559,0.1354,0.07752,0.1998,0.06515,0.334,0.6857,2.183,35.03,0.004185,0.02868,0.02664,0.009067,0.01703,0.003817,20.21,27.26,132.7,1261.0,0.1446,0.5804,0.5274,0.1864,0.427,0.1233
267,13.59,21.84,87.16,561.0,0.07956,0.08259,0.04072,0.02142,0.1635,0.05859,0.338,1.916,2.591,26.76,0.005436,0.02406,0.03099,0.009919,0.0203,0.003009,14.8,30.04,97.66,661.5,0.1005,0.173,0.1453,0.06189,0.2446,0.07024
490,12.25,22.44,78.18,466.5,0.08192,0.052,0.01714,0.01261,0.1544,0.05976,0.2239,1.139,1.577,18.04,0.005096,0.01205,0.00941,0.004551,0.01608,0.002399,14.17,31.99,92.74,622.9,0.1256,0.1804,0.123,0.06335,0.31,0.08203
565,20.13,28.25,131.2,1261.0,0.0978,0.1034,0.144,0.09791,0.1752,0.05533,0.7655,2.463,5.203,99.04,0.005769,0.02423,0.0395,0.01678,0.01898,0.002498,23.69,38.25,155.0,1731.0,0.1166,0.1922,0.3215,0.1628,0.2572,0.06637
170,12.32,12.39,78.85,464.1,0.1028,0.06981,0.03987,0.037,0.1959,0.05955,0.236,0.6656,1.67,17.43,0.008045,0.0118,0.01683,0.01241,0.01924,0.002248,13.5,15.64,86.97,549.1,0.1385,0.1266,0.1242,0.09391,0.2827,0.06771
522,11.26,19.83,71.3,388.1,0.08511,0.04413,0.005067,0.005664,0.1637,0.06343,0.1344,1.083,0.9812,9.332,0.0042,0.0059,0.003846,0.004065,0.01487,0.002295,11.93,26.43,76.38,435.9,0.1108,0.07723,0.02533,0.02832,0.2557,0.07613
481,13.9,19.24,88.73,602.9,0.07991,0.05326,0.02995,0.0207,0.1579,0.05594,0.3316,0.9264,2.056,28.41,0.003704,0.01082,0.0153,0.006275,0.01062,0.002217,16.41,26.42,104.4,830.5,0.1064,0.1415,0.1673,0.0815,0.2356,0.07603
117,14.87,16.67,98.64,682.5,0.1162,0.1649,0.169,0.08923,0.2157,0.06768,0.4266,0.9489,2.989,41.18,0.006985,0.02563,0.03011,0.01271,0.01602,0.003884,18.81,27.37,127.1,1095.0,0.1878,0.448,0.4704,0.2027,0.3585,0.1065
262,17.29,22.13,114.4,947.8,0.08999,0.1273,0.09697,0.07507,0.2108,0.05464,0.8348,1.633,6.146,90.94,0.006717,0.05981,0.04638,0.02149,0.02747,0.005838,20.39,27.24,137.9,1295.0,0.1134,0.2867,0.2298,0.1528,0.3067,0.07484
491,17.85,13.23,114.6,992.1,0.07838,0.06217,0.04445,0.04178,0.122,0.05243,0.4834,1.046,3.163,50.95,0.004369,0.008274,0.01153,0.007437,0.01302,0.001309,19.82,18.42,127.1,1210.0,0.09862,0.09976,0.1048,0.08341,0.1783,0.05871
428,11.13,16.62,70.47,381.1,0.08151,0.03834,0.01369,0.0137,0.1511,0.06148,0.1415,0.9671,0.968,9.704,0.005883,0.006263,0.009398,0.006189,0.02009,0.002377,11.68,20.29,74.35,421.1,0.103,0.06219,0.0458,0.04044,0.2383,0.07083
101,6.981,13.43,43.79,143.5,0.117,0.07568,0.0,0.0,0.193,0.07818,0.2241,1.508,1.553,9.833,0.01019,0.01084,0.0,0.0,0.02659,0.0041,7.93,19.54,50.41,185.2,0.1584,0.1202,0.0,0.0,0.2932,0.09382
526,13.46,18.75,87.44,551.1,0.1075,0.1138,0.04201,0.03152,0.1723,0.06317,0.1998,0.6068,1.443,16.07,0.004413,0.01443,0.01509,0.007369,0.01354,0.001787,15.35,25.16,101.9,719.8,0.1624,0.3124,0.2654,0.1427,0.3518,0.08665
270,14.29,16.82,90.3,632.6,0.06429,0.02675,0.00725,0.00625,0.1508,0.05376,0.1302,0.7198,0.8439,10.77,0.003492,0.00371,0.004826,0.003608,0.01536,0.001381,14.91,20.65,94.44,684.6,0.08567,0.05036,0.03866,0.03333,0.2458,0.0612
229,12.83,22.33,85.26,503.2,0.1088,0.1799,0.1695,0.06861,0.2123,0.07254,0.3061,1.069,2.257,25.13,0.006983,0.03858,0.04683,0.01499,0.0168,0.005617,15.2,30.15,105.3,706.0,0.1777,0.5343,0.6282,0.1977,0.3407,0.1243
383,12.39,17.48,80.64,462.9,0.1042,0.1297,0.05892,0.0288,0.1779,0.06588,0.2608,0.873,2.117,19.2,0.006715,0.03705,0.04757,0.01051,0.01838,0.006884,14.18,23.13,95.23,600.5,0.1427,0.3593,0.3206,0.09804,0.2819,0.1118
162,19.59,18.15,130.7,1214.0,0.112,0.1666,0.2508,0.1286,0.2027,0.06082,0.7364,1.048,4.792,97.07,0.004057,0.02277,0.04029,0.01303,0.01686,0.003318,26.73,26.39,174.9,2232.0,0.1438,0.3846,0.681,0.2247,0.3643,0.09223
567,20.6,29.33,140.1,1265.0,0.1178,0.277,0.3514,0.152,0.2397,0.07016,0.726,1.595,5.772,86.22,0.006522,0.06158,0.07117,0.01664,0.02324,0.006185,25.74,39.42,184.6,1821.0,0.165,0.8681,0.9387,0.265,0.4087,0.124
437,14.04,15.98,89.78,611.2,0.08458,0.05895,0.03534,0.02944,0.1714,0.05898,0.3892,1.046,2.644,32.74,0.007976,0.01295,0.01608,0.009046,0.02005,0.00283,15.66,21.58,101.2,750.0,0.1195,0.1252,0.1117,0.07453,0.2725,0.07234
39,13.48,20.82,88.4,559.2,0.1016,0.1255,0.1063,0.05439,0.172,0.06419,0.213,0.5914,1.545,18.52,0.005367,0.02239,0.03049,0.01262,0.01377,0.003187,15.53,26.02,107.3,740.4,0.161,0.4225,0.503,0.2258,0.2807,0.1071
91,15.37,22.76,100.2,728.2,0.092,0.1036,0.1122,0.07483,0.1717,0.06097,0.3129,0.8413,2.075,29.44,0.009882,0.02444,0.04531,0.01763,0.02471,0.002142,16.43,25.84,107.5,830.9,0.1257,0.1997,0.2846,0.1476,0.2556,0.06828
436,12.87,19.54,82.67,509.2,0.09136,0.07883,0.01797,0.0209,0.1861,0.06347,0.3665,0.7693,2.597,26.5,0.00591,0.01362,0.007066,0.006502,0.02223,0.002378,14.45,24.38,95.14,626.9,0.1214,0.1652,0.07127,0.06384,0.3313,0.07735
447,14.8,17.66,95.88,674.8,0.09179,0.0889,0.04069,0.0226,0.1893,0.05886,0.2204,0.6221,1.482,19.75,0.004796,0.01171,0.01758,0.006897,0.02254,0.001971,16.43,22.74,105.9,829.5,0.1226,0.1881,0.206,0.08308,0.36,0.07285
483,13.7,17.64,87.76,571.1,0.0995,0.07957,0.04548,0.0316,0.1732,0.06088,0.2431,0.9462,1.564,20.64,0.003245,0.008186,0.01698,0.009233,0.01285,0.001524,14.96,23.53,95.78,686.5,0.1199,0.1346,0.1742,0.09077,0.2518,0.0696
67,11.31,19.04,71.8,394.1,0.08139,0.04701,0.03709,0.0223,0.1516,0.05667,0.2727,0.9429,1.831,18.15,0.009282,0.009216,0.02063,0.008965,0.02183,0.002146,12.33,23.84,78.0,466.7,0.129,0.09148,0.1444,0.06961,0.24,0.06641
115,11.93,21.53,76.53,438.6,0.09768,0.07849,0.03328,0.02008,0.1688,0.06194,0.3118,0.9227,2.0,24.79,0.007803,0.02507,0.01835,0.007711,0.01278,0.003856,13.67,26.15,87.54,583.0,0.15,0.2399,0.1503,0.07247,0.2438,0.08541
396,13.51,18.89,88.1,558.1,0.1059,0.1147,0.0858,0.05381,0.1806,0.06079,0.2136,1.332,1.513,19.29,0.005442,0.01957,0.03304,0.01367,0.01315,0.002464,14.8,27.2,97.33,675.2,0.1428,0.257,0.3438,0.1453,0.2666,0.07686
171,13.43,19.63,85.84,565.4,0.09048,0.06288,0.05858,0.03438,0.1598,0.05671,0.4697,1.147,3.142,43.4,0.006003,0.01063,0.02151,0.009443,0.0152,0.001868,17.98,29.87,116.6,993.6,0.1401,0.1546,0.2644,0.116,0.2884,0.07371
301,12.46,19.89,80.43,471.3,0.08451,0.1014,0.0683,0.03099,0.1781,0.06249,0.3642,1.04,2.579,28.32,0.00653,0.03369,0.04712,0.01403,0.0274,0.004651,13.46,23.07,88.13,551.3,0.105,0.2158,0.1904,0.07625,0.2685,0.07764
139,11.28,13.39,73.0,384.8,0.1164,0.1136,0.04635,0.04796,0.1771,0.06072,0.3384,1.343,1.851,26.33,0.01127,0.03498,0.02187,0.01965,0.0158,0.003442,11.92,15.77,76.53,434.0,0.1367,0.1822,0.08669,0.08611,0.2102,0.06784
5,12.45,15.7,82.57,477.1,0.1278,0.17,0.1578,0.08089,0.2087,0.07613,0.3345,0.8902,2.217,27.19,0.00751,0.03345,0.03672,0.01137,0.02165,0.005082,15.47,23.75,103.4,741.6,0.1791,0.5249,0.5355,0.1741,0.3985,0.1244
480,12.16,18.03,78.29,455.3,0.09087,0.07838,0.02916,0.01527,0.1464,0.06284,0.2194,1.19,1.678,16.26,0.004911,0.01666,0.01397,0.005161,0.01454,0.001858,13.34,27.87,88.83,547.4,0.1208,0.2279,0.162,0.0569,0.2406,0.07729
54,15.1,22.02,97.26,712.8,0.09056,0.07081,0.05253,0.03334,0.1616,0.05684,0.3105,0.8339,2.097,29.91,0.004675,0.0103,0.01603,0.009222,0.01095,0.001629,18.1,31.69,117.7,1030.0,0.1389,0.2057,0.2712,0.153,0.2675,0.07873
77,18.05,16.15,120.2,1006.0,0.1065,0.2146,0.1684,0.108,0.2152,0.06673,0.9806,0.5505,6.311,134.8,0.00794,0.05839,0.04658,0.0207,0.02591,0.007054,22.39,18.91,150.1,1610.0,0.1478,0.5634,0.3786,0.2102,0.3751,0.1108
15,14.54,27.54,96.73,658.8,0.1139,0.1595,0.1639,0.07364,0.2303,0.07077,0.37,1.033,2.879,32.55,0.005607,0.0424,0.04741,0.0109,0.01857,0.005466,17.46,37.13,124.1,943.2,0.1678,0.6577,0.7026,0.1712,0.4218,0.1341
165,14.97,19.76,95.5,690.2,0.08421,0.05352,0.01947,0.01939,0.1515,0.05266,0.184,1.065,1.286,16.64,0.003634,0.007983,0.008268,0.006432,0.01924,0.00152,15.98,25.82,102.3,782.1,0.1045,0.09995,0.0775,0.05754,0.2646,0.06085
177,16.46,20.11,109.3,832.9,0.09831,0.1556,0.1793,0.08866,0.1794,0.06323,0.3037,1.284,2.482,31.59,0.006627,0.04094,0.05371,0.01813,0.01682,0.004584,17.79,28.45,123.5,981.2,0.1415,0.4667,0.5862,0.2035,0.3054,0.09519
256,19.55,28.77,133.6,1207.0,0.0926,0.2063,0.1784,0.1144,0.1893,0.06232,0.8426,1.199,7.158,106.4,0.006356,0.04765,0.03863,0.01519,0.01936,0.005252,25.05,36.27,178.6,1926.0,0.1281,0.5329,0.4251,0.1941,0.2818,0.1005
305,11.6,24.49,74.23,417.2,0.07474,0.05688,0.01974,0.01313,0.1935,0.05878,0.2512,1.786,1.961,18.21,0.006122,0.02337,0.01596,0.006998,0.03194,0.002211,12.44,31.62,81.39,476.5,0.09545,0.1361,0.07239,0.04815,0.3244,0.06745
289,11.37,18.89,72.17,396.0,0.08713,0.05008,0.02399,0.02173,0.2013,0.05955,0.2656,1.974,1.954,17.49,0.006538,0.01395,0.01376,0.009924,0.03416,0.002928,12.36,26.14,79.29,459.3,0.1118,0.09708,0.07529,0.06203,0.3267,0.06994
78,20.18,23.97,143.7,1245.0,0.1286,0.3454,0.3754,0.1604,0.2906,0.08142,0.9317,1.885,8.649,116.4,0.01038,0.06835,0.1091,0.02593,0.07895,0.005987,23.37,31.72,170.3,1623.0,0.1639,0.6164,0.7681,0.2508,0.544,0.09964
172,15.46,11.89,102.5,736.9,0.1257,0.1555,0.2032,0.1097,0.1966,0.07069,0.4209,0.6583,2.805,44.64,0.005393,0.02321,0.04303,0.0132,0.01792,0.004168,18.79,17.04,125.0,1102.0,0.1531,0.3583,0.583,0.1827,0.3216,0.101
160,11.75,20.18,76.1,419.8,0.1089,0.1141,0.06843,0.03738,0.1993,0.06453,0.5018,1.693,3.926,38.34,0.009433,0.02405,0.04167,0.01152,0.03397,0.005061,13.32,26.21,88.91,543.9,0.1358,0.1892,0.1956,0.07909,0.3168,0.07987
14,13.73,22.61,93.6,578.3,0.1131,0.2293,0.2128,0.08025,0.2069,0.07682,0.2121,1.169,2.061,19.21,0.006429,0.05936,0.05501,0.01628,0.01961,0.008093,15.03,32.01,108.8,697.7,0.1651,0.7725,0.6943,0.2208,0.3596,0.1431
345,10.26,14.71,66.2,321.6,0.09882,0.09159,0.03581,0.02037,0.1633,0.07005,0.338,2.509,2.394,19.33,0.01736,0.04671,0.02611,0.01296,0.03675,0.006758,10.88,19.48,70.89,357.1,0.136,0.1636,0.07162,0.04074,0.2434,0.08488
326,14.11,12.88,90.03,616.5,0.09309,0.05306,0.01765,0.02733,0.1373,0.057,0.2571,1.081,1.558,23.92,0.006692,0.01132,0.005717,0.006627,0.01416,0.002476,15.53,18.0,98.4,749.9,0.1281,0.1109,0.05307,0.0589,0.21,0.07083
227,15.0,15.51,97.45,684.5,0.08371,0.1096,0.06505,0.0378,0.1881,0.05907,0.2318,0.4966,2.276,19.88,0.004119,0.03207,0.03644,0.01155,0.01391,0.003204,16.41,19.31,114.2,808.2,0.1136,0.3627,0.3402,0.1379,0.2954,0.08362
493,12.46,12.83,78.83,477.3,0.07372,0.04043,0.007173,0.01149,0.1613,0.06013,0.3276,1.486,2.108,24.6,0.01039,0.01003,0.006416,0.007895,0.02869,0.004821,13.19,16.36,83.24,534.0,0.09439,0.06477,0.01674,0.0268,0.228,0.07028
147,14.95,18.77,97.84,689.5,0.08138,0.1167,0.0905,0.03562,0.1744,0.06493,0.422,1.909,3.271,39.43,0.00579,0.04877,0.05303,0.01527,0.03356,0.009368,16.25,25.47,107.1,809.7,0.0997,0.2521,0.25,0.08405,0.2852,0.09218
462,14.4,26.99,92.25,646.1,0.06995,0.05223,0.03476,0.01737,0.1707,0.05433,0.2315,0.9112,1.727,20.52,0.005356,0.01679,0.01971,0.00637,0.01414,0.001892,15.4,31.98,100.4,734.6,0.1017,0.146,0.1472,0.05563,0.2345,0.06464
163,12.34,22.22,79.85,464.5,0.1012,0.1015,0.0537,0.02822,0.1551,0.06761,0.2949,1.656,1.955,21.55,0.01134,0.03175,0.03125,0.01135,0.01879,0.005348,13.58,28.68,87.36,553.0,0.1452,0.2338,0.1688,0.08194,0.2268,0.09082
444,18.03,16.85,117.5,990.0,0.08947,0.1232,0.109,0.06254,0.172,0.0578,0.2986,0.5906,1.921,35.77,0.004117,0.0156,0.02975,0.009753,0.01295,0.002436,20.38,22.02,133.3,1292.0,0.1263,0.2666,0.429,0.1535,0.2842,0.08225
391,8.734,16.84,55.27,234.3,0.1039,0.07428,0.0,0.0,0.1985,0.07098,0.5169,2.079,3.167,28.85,0.01582,0.01966,0.0,0.0,0.01865,0.006736,10.17,22.8,64.01,317.0,0.146,0.131,0.0,0.0,0.2445,0.08865
426,10.48,14.98,67.49,333.6,0.09816,0.1013,0.06335,0.02218,0.1925,0.06915,0.3276,1.127,2.564,20.77,0.007364,0.03867,0.05263,0.01264,0.02161,0.00483,12.13,21.57,81.41,440.4,0.1327,0.2996,0.2939,0.0931,0.302,0.09646
179,12.81,13.06,81.29,508.8,0.08739,0.03774,0.009193,0.0133,0.1466,0.06133,0.2889,0.9899,1.778,21.79,0.008534,0.006364,0.00618,0.007408,0.01065,0.003351,13.63,16.15,86.7,570.7,0.1162,0.05445,0.02758,0.0399,0.1783,0.07319
549,10.82,24.21,68.89,361.6,0.08192,0.06602,0.01548,0.00816,0.1976,0.06328,0.5196,1.918,3.564,33.0,0.008263,0.0187,0.01277,0.005917,0.02466,0.002977,13.03,31.45,83.9,505.6,0.1204,0.1633,0.06194,0.03264,0.3059,0.07626
261,17.35,23.06,111.0,933.1,0.08662,0.0629,0.02891,0.02837,0.1564,0.05307,0.4007,1.317,2.577,44.41,0.005726,0.01106,0.01246,0.007671,0.01411,0.001578,19.85,31.47,128.2,1218.0,0.124,0.1486,0.1211,0.08235,0.2452,0.06515
123,14.5,10.89,94.28,640.7,0.1101,0.1099,0.08842,0.05778,0.1856,0.06402,0.2929,0.857,1.928,24.19,0.003818,0.01276,0.02882,0.012,0.0191,0.002808,15.7,15.98,102.8,745.5,0.1313,0.1788,0.256,0.1221,0.2889,0.08006
178,13.01,22.22,82.01,526.4,0.06251,0.01938,0.001595,0.001852,0.1395,0.05234,0.1731,1.142,1.101,14.34,0.003418,0.002252,0.001595,0.001852,0.01613,0.0009683,14.0,29.02,88.18,608.8,0.08125,0.03432,0.007977,0.009259,0.2295,0.05843
213,17.42,25.56,114.5,948.0,0.1006,0.1146,0.1682,0.06597,0.1308,0.05866,0.5296,1.667,3.767,58.53,0.03113,0.08555,0.1438,0.03927,0.02175,0.01256,18.07,28.07,120.4,1021.0,0.1243,0.1793,0.2803,0.1099,0.1603,0.06818
357,13.87,16.21,88.52,593.7,0.08743,0.05492,0.01502,0.02088,0.1424,0.05883,0.2543,1.363,1.737,20.74,0.005638,0.007939,0.005254,0.006042,0.01544,0.002087,15.11,25.58,96.74,694.4,0.1153,0.1008,0.05285,0.05556,0.2362,0.07113
303,10.49,18.61,66.86,334.3,0.1068,0.06678,0.02297,0.0178,0.1482,0.066,0.1485,1.563,1.035,10.08,0.008875,0.009362,0.01808,0.009199,0.01791,0.003317,11.06,24.54,70.76,375.4,0.1413,0.1044,0.08423,0.06528,0.2213,0.07842
335,17.06,21.0,111.8,918.6,0.1119,0.1056,0.1508,0.09934,0.1727,0.06071,0.8161,2.129,6.076,87.17,0.006455,0.01797,0.04502,0.01744,0.01829,0.003733,20.99,33.15,143.2,1362.0,0.1449,0.2053,0.392,0.1827,0.2623,0.07599
230,17.05,19.08,113.4,895.0,0.1141,0.1572,0.191,0.109,0.2131,0.06325,0.2959,0.679,2.153,31.98,0.005532,0.02008,0.03055,0.01384,0.01177,0.002336,19.59,24.89,133.5,1189.0,0.1703,0.3934,0.5018,0.2543,0.3109,0.09061
329,16.26,21.88,107.5,826.8,0.1165,0.1283,0.1799,0.07981,0.1869,0.06532,0.5706,1.457,2.961,57.72,0.01056,0.03756,0.05839,0.01186,0.04022,0.006187,17.73,25.21,113.7,975.2,0.1426,0.2116,0.3344,0.1047,0.2736,0.07953
525,8.571,13.1,54.53,221.3,0.1036,0.07632,0.02565,0.0151,0.1678,0.07126,0.1267,0.6793,1.069,7.254,0.007897,0.01762,0.01801,0.00732,0.01592,0.003925,9.473,18.45,63.3,275.6,0.1641,0.2235,0.1754,0.08512,0.2983,0.1049
300,19.53,18.9,129.5,1217.0,0.115,0.1642,0.2197,0.1062,0.1792,0.06552,1.111,1.161,7.237,133.0,0.006056,0.03203,0.05638,0.01733,0.01884,0.004787,25.93,26.24,171.1,2053.0,0.1495,0.4116,0.6121,0.198,0.2968,0.09929
354,11.14,14.07,71.24,384.6,0.07274,0.06064,0.04505,0.01471,0.169,0.06083,0.4222,0.8092,3.33,28.84,0.005541,0.03387,0.04505,0.01471,0.03102,0.004831,12.12,15.82,79.62,453.5,0.08864,0.1256,0.1201,0.03922,0.2576,0.07018
509,15.46,23.95,103.8,731.3,0.1183,0.187,0.203,0.0852,0.1807,0.07083,0.3331,1.961,2.937,32.52,0.009538,0.0494,0.06019,0.02041,0.02105,0.006,17.11,36.33,117.7,909.4,0.1732,0.4967,0.5911,0.2163,0.3013,0.1067
93,13.45,18.3,86.6,555.1,0.1022,0.08165,0.03974,0.0278,0.1638,0.0571,0.295,1.373,2.099,25.22,0.005884,0.01491,0.01872,0.009366,0.01884,0.001817,15.1,25.94,97.59,699.4,0.1339,0.1751,0.1381,0.07911,0.2678,0.06603
352,25.73,17.46,174.2,2010.0,0.1149,0.2363,0.3368,0.1913,0.1956,0.06121,0.9948,0.8509,7.222,153.1,0.006369,0.04243,0.04266,0.01508,0.02335,0.003385,33.13,23.58,229.3,3234.0,0.153,0.5937,0.6451,0.2756,0.369,0.08815
484,15.73,11.28,102.8,747.2,0.1043,0.1299,0.1191,0.06211,0.1784,0.06259,0.163,0.3871,1.143,13.87,0.006034,0.0182,0.03336,0.01067,0.01175,0.002256,17.01,14.2,112.5,854.3,0.1541,0.2979,0.4004,0.1452,0.2557,0.08181
109,11.34,21.26,72.48,396.5,0.08759,0.06575,0.05133,0.01899,0.1487,0.06529,0.2344,0.9861,1.597,16.41,0.009113,0.01557,0.02443,0.006435,0.01568,0.002477,13.01,29.15,83.99,518.1,0.1699,0.2196,0.312,0.08278,0.2829,0.08832
421,14.69,13.98,98.22,656.1,0.1031,0.1836,0.145,0.063,0.2086,0.07406,0.5462,1.511,4.795,49.45,0.009976,0.05244,0.05278,0.0158,0.02653,0.005444,16.46,18.34,114.1,809.2,0.1312,0.3635,0.3219,0.1108,0.2827,0.09208
515,11.34,18.61,72.76,391.2,0.1049,0.08499,0.04302,0.02594,0.1927,0.06211,0.243,1.01,1.491,18.19,0.008577,0.01641,0.02099,0.01107,0.02434,0.001217,12.47,23.03,79.15,478.6,0.1483,0.1574,0.1624,0.08542,0.306,0.06783
473,12.27,29.97,77.42,465.4,0.07699,0.03398,0.0,0.0,0.1701,0.0596,0.4455,3.647,2.884,35.13,0.007339,0.008243,0.0,0.0,0.03141,0.003136,13.45,38.05,85.08,558.9,0.09422,0.05213,0.0,0.0,0.2409,0.06743
0,17.99,10.38,122.8,1001.0,0.1184,0.2776,0.3001,0.1471,0.2419,0.07871,1.095,0.9053,8.589,153.4,0.006399,0.04904,0.05373,0.01587,0.03003,0.006193,25.38,17.33,184.6,2019.0,0.1622,0.6656,0.7119,0.2654,0.4601,0.1189
416,9.405,21.7,59.6,271.2,0.1044,0.06159,0.02047,0.01257,0.2025,0.06601,0.4302,2.878,2.759,25.17,0.01474,0.01674,0.01367,0.008674,0.03044,0.00459,10.85,31.24,68.73,359.4,0.1526,0.1193,0.06141,0.0377,0.2872,0.08304
189,12.3,15.9,78.83,463.7,0.0808,0.07253,0.03844,0.01654,0.1667,0.05474,0.2382,0.8355,1.687,18.32,0.005996,0.02212,0.02117,0.006433,0.02025,0.001725,13.35,19.59,86.65,546.7,0.1096,0.165,0.1423,0.04815,0.2482,0.06306
532,13.68,16.33,87.76,575.5,0.09277,0.07255,0.01752,0.0188,0.1631,0.06155,0.2047,0.4801,1.373,17.25,0.003828,0.007228,0.007078,0.005077,0.01054,0.001697,15.85,20.2,101.6,773.4,0.1264,0.1564,0.1206,0.08704,0.2806,0.07782
413,14.99,22.11,97.53,693.7,0.08515,0.1025,0.06859,0.03876,0.1944,0.05913,0.3186,1.336,2.31,28.51,0.004449,0.02808,0.03312,0.01196,0.01906,0.004015,16.76,31.55,110.2,867.1,0.1077,0.3345,0.3114,0.1308,0.3163,0.09251
488,11.68,16.17,75.49,420.5,0.1128,0.09263,0.04279,0.03132,0.1853,0.06401,0.3713,1.154,2.554,27.57,0.008998,0.01292,0.01851,0.01167,0.02152,0.003213,13.32,21.59,86.57,549.8,0.1526,0.1477,0.149,0.09815,0.2804,0.08024
397,12.8,17.46,83.05,508.3,0.08044,0.08895,0.0739,0.04083,0.1574,0.0575,0.3639,1.265,2.668,30.57,0.005421,0.03477,0.04545,0.01384,0.01869,0.004067,13.74,21.06,90.72,591.0,0.09534,0.1812,0.1901,0.08296,0.1988,0.07053
336,12.99,14.23,84.08,514.3,0.09462,0.09965,0.03738,0.02098,0.1652,0.07238,0.1814,0.6412,0.9219,14.41,0.005231,0.02305,0.03113,0.007315,0.01639,0.005701,13.72,16.91,87.38,576.0,0.1142,0.1975,0.145,0.0585,0.2432,0.1009
542,14.74,25.42,94.7,668.6,0.08275,0.07214,0.04105,0.03027,0.184,0.0568,0.3031,1.385,2.177,27.41,0.004775,0.01172,0.01947,0.01269,0.0187,0.002626,16.51,32.29,107.4,826.4,0.106,0.1376,0.1611,0.1095,0.2722,0.06956
8,13.0,21.82,87.5,519.8,0.1273,0.1932,0.1859,0.09353,0.235,0.07389,0.3063,1.002,2.406,24.32,0.005731,0.03502,0.03553,0.01226,0.02143,0.003749,15.49,30.73,106.2,739.3,0.1703,0.5401,0.539,0.206,0.4378,0.1072
251,11.5,18.45,73.28,407.4,0.09345,0.05991,0.02638,0.02069,0.1834,0.05934,0.3927,0.8429,2.684,26.99,0.00638,0.01065,0.01245,0.009175,0.02292,0.001461,12.97,22.46,83.12,508.9,0.1183,0.1049,0.08105,0.06544,0.274,0.06487
512,13.4,20.52,88.64,556.7,0.1106,0.1469,0.1445,0.08172,0.2116,0.07325,0.3906,0.9306,3.093,33.67,0.005414,0.02265,0.03452,0.01334,0.01705,0.004005,16.41,29.66,113.3,844.4,0.1574,0.3856,0.5106,0.2051,0.3585,0.1109
563,20.92,25.09,143.0,1347.0,0.1099,0.2236,0.3174,0.1474,0.2149,0.06879,0.9622,1.026,8.758,118.8,0.006399,0.0431,0.07845,0.02624,0.02057,0.006213,24.29,29.41,179.1,1819.0,0.1407,0.4186,0.6599,0.2542,0.2929,0.09873
71,8.888,14.64,58.79,244.0,0.09783,0.1531,0.08606,0.02872,0.1902,0.0898,0.5262,0.8522,3.168,25.44,0.01721,0.09368,0.05671,0.01766,0.02541,0.02193,9.733,15.67,62.56,284.4,0.1207,0.2436,0.1434,0.04786,0.2254,0.1084
450,11.87,21.54,76.83,432.0,0.06613,0.1064,0.08777,0.02386,0.1349,0.06612,0.256,1.554,1.955,20.24,0.006854,0.06063,0.06663,0.01553,0.02354,0.008925,12.79,28.18,83.51,507.2,0.09457,0.3399,0.3218,0.0875,0.2305,0.09952
26,14.58,21.53,97.41,644.8,0.1054,0.1868,0.1425,0.08783,0.2252,0.06924,0.2545,0.9832,2.11,21.05,0.004452,0.03055,0.02681,0.01352,0.01454,0.003711,17.62,33.21,122.4,896.9,0.1525,0.6643,0.5539,0.2701,0.4264,0.1275
194,14.86,23.21,100.4,671.4,0.1044,0.198,0.1697,0.08878,0.1737,0.06672,0.2796,0.9622,3.591,25.2,0.008081,0.05122,0.05551,0.01883,0.02545,0.004312,16.08,27.78,118.6,784.7,0.1316,0.4648,0.4589,0.1727,0.3,0.08701
157,16.84,19.46,108.4,880.2,0.07445,0.07223,0.0515,0.02771,0.1844,0.05268,0.4789,2.06,3.479,46.61,0.003443,0.02661,0.03056,0.0111,0.0152,0.001519,18.22,28.07,120.3,1032.0,0.08774,0.171,0.1882,0.08436,0.2527,0.05972
